 0.00000000e+00  0.00000000e+00 
 1.00000000e-11  0.00000000e+00 
 2.00000000e-11  0.00000000e+00 
 4.00000000e-11  0.00000000e+00 
 8.00000000e-11  0.00000000e+00 
 1.60000000e-10  0.00000000e+00 
 3.20000000e-10  0.00000000e+00 
 6.40000000e-10  0.00000000e+00 
 1.00000000e-09  0.00000000e+00 
 1.06400000e-09  0.00000000e+00 
 1.19200000e-09  0.00000000e+00 
 1.44800000e-09  0.00000000e+00 
 1.96000000e-09  0.00000000e+00 
 2.96000000e-09  0.00000000e+00 
 3.96000000e-09  0.00000000e+00 
 4.96000000e-09  0.00000000e+00 
 5.96000000e-09  0.00000000e+00 
 6.96000000e-09  0.00000000e+00 
 7.96000000e-09  0.00000000e+00 
 8.96000000e-09  0.00000000e+00 
 9.96000000e-09  0.00000000e+00 
 1.09600000e-08  0.00000000e+00 
 1.19600000e-08  0.00000000e+00 
 1.29600000e-08  0.00000000e+00 
 1.39600000e-08  0.00000000e+00 
 1.49600000e-08  0.00000000e+00 
 1.59600000e-08  0.00000000e+00 
 1.69600000e-08  0.00000000e+00 
 1.79600000e-08  0.00000000e+00 
 1.89600000e-08  0.00000000e+00 
 1.99600000e-08  0.00000000e+00 
 2.09600000e-08  0.00000000e+00 
 2.19600000e-08  0.00000000e+00 
 2.29600000e-08  0.00000000e+00 
 2.39600000e-08  0.00000000e+00 
 2.49600000e-08  0.00000000e+00 
 2.59600000e-08  0.00000000e+00 
 2.69600000e-08  0.00000000e+00 
 2.79600000e-08  0.00000000e+00 
 2.89600000e-08  0.00000000e+00 
 2.99600000e-08  0.00000000e+00 
 3.09600000e-08  0.00000000e+00 
 3.19600000e-08  0.00000000e+00 
 3.29600000e-08  0.00000000e+00 
 3.39600000e-08  0.00000000e+00 
 3.49600000e-08  0.00000000e+00 
 3.59600000e-08  0.00000000e+00 
 3.69600000e-08  0.00000000e+00 
 3.79600000e-08  0.00000000e+00 
 3.89600000e-08  0.00000000e+00 
 3.99600000e-08  0.00000000e+00 
 4.09600000e-08  0.00000000e+00 
 4.19600000e-08  0.00000000e+00 
 4.29600000e-08  0.00000000e+00 
 4.39600000e-08  0.00000000e+00 
 4.49600000e-08  0.00000000e+00 
 4.59600000e-08  0.00000000e+00 
 4.69600000e-08  0.00000000e+00 
 4.79600000e-08  0.00000000e+00 
 4.89600000e-08  0.00000000e+00 
 4.99600000e-08  0.00000000e+00 
 5.09600000e-08  0.00000000e+00 
 5.19600000e-08  0.00000000e+00 
 5.29600000e-08  0.00000000e+00 
 5.39600000e-08  0.00000000e+00 
 5.49600000e-08  0.00000000e+00 
 5.59600000e-08  0.00000000e+00 
 5.69600000e-08  0.00000000e+00 
 5.79600000e-08  0.00000000e+00 
 5.89600000e-08  0.00000000e+00 
 5.99600000e-08  0.00000000e+00 
 6.09600000e-08  0.00000000e+00 
 6.19600000e-08  0.00000000e+00 
 6.29600000e-08  0.00000000e+00 
 6.39600000e-08  0.00000000e+00 
 6.49600000e-08  0.00000000e+00 
 6.59600000e-08  0.00000000e+00 
 6.69600000e-08  0.00000000e+00 
 6.79600000e-08  0.00000000e+00 
 6.89600000e-08  0.00000000e+00 
 6.99600000e-08  0.00000000e+00 
 7.09600000e-08  0.00000000e+00 
 7.19600000e-08  0.00000000e+00 
 7.29600000e-08  0.00000000e+00 
 7.39600000e-08  0.00000000e+00 
 7.49600000e-08  0.00000000e+00 
 7.59600000e-08  0.00000000e+00 
 7.69600000e-08  0.00000000e+00 
 7.79600000e-08  0.00000000e+00 
 7.89600000e-08  0.00000000e+00 
 7.99600000e-08  0.00000000e+00 
 8.09600000e-08  0.00000000e+00 
 8.19600000e-08  0.00000000e+00 
 8.29600000e-08  0.00000000e+00 
 8.39600000e-08  0.00000000e+00 
 8.49600000e-08  0.00000000e+00 
 8.59600000e-08  0.00000000e+00 
 8.69600000e-08  0.00000000e+00 
 8.79600000e-08  0.00000000e+00 
 8.89600000e-08  0.00000000e+00 
 8.99600000e-08  0.00000000e+00 
 9.09600000e-08  0.00000000e+00 
 9.19600000e-08  0.00000000e+00 
 9.29600000e-08  0.00000000e+00 
 9.39600000e-08  0.00000000e+00 
 9.49600000e-08  0.00000000e+00 
 9.59600000e-08  0.00000000e+00 
 9.69600000e-08  0.00000000e+00 
 9.79600000e-08  0.00000000e+00 
 9.89600000e-08  0.00000000e+00 
 9.99600000e-08  0.00000000e+00 
 1.00960000e-07  0.00000000e+00 
 1.01960000e-07  0.00000000e+00 
 1.02960000e-07  0.00000000e+00 
 1.03960000e-07  0.00000000e+00 
 1.04960000e-07  0.00000000e+00 
 1.05960000e-07  0.00000000e+00 
 1.06960000e-07  0.00000000e+00 
 1.07960000e-07  0.00000000e+00 
 1.08960000e-07  0.00000000e+00 
 1.09960000e-07  0.00000000e+00 
 1.10960000e-07  0.00000000e+00 
 1.11960000e-07  0.00000000e+00 
 1.12960000e-07  0.00000000e+00 
 1.13960000e-07  0.00000000e+00 
 1.14960000e-07  0.00000000e+00 
 1.15960000e-07  0.00000000e+00 
 1.16960000e-07  0.00000000e+00 
 1.17960000e-07  0.00000000e+00 
 1.18960000e-07  0.00000000e+00 
 1.19960000e-07  0.00000000e+00 
 1.20960000e-07  0.00000000e+00 
 1.21960000e-07  0.00000000e+00 
 1.22960000e-07  0.00000000e+00 
 1.23960000e-07  0.00000000e+00 
 1.24960000e-07  0.00000000e+00 
 1.25960000e-07  0.00000000e+00 
 1.26960000e-07  0.00000000e+00 
 1.27960000e-07  0.00000000e+00 
 1.28960000e-07  0.00000000e+00 
 1.29960000e-07  0.00000000e+00 
 1.30960000e-07  0.00000000e+00 
 1.31960000e-07  0.00000000e+00 
 1.32960000e-07  0.00000000e+00 
 1.33960000e-07  0.00000000e+00 
 1.34960000e-07  0.00000000e+00 
 1.35960000e-07  0.00000000e+00 
 1.36960000e-07  0.00000000e+00 
 1.37960000e-07  0.00000000e+00 
 1.38960000e-07  0.00000000e+00 
 1.39960000e-07  0.00000000e+00 
 1.40960000e-07  0.00000000e+00 
 1.41960000e-07  0.00000000e+00 
 1.42960000e-07  0.00000000e+00 
 1.43960000e-07  0.00000000e+00 
 1.44960000e-07  0.00000000e+00 
 1.45960000e-07  0.00000000e+00 
 1.46960000e-07  0.00000000e+00 
 1.47960000e-07  0.00000000e+00 
 1.48960000e-07  0.00000000e+00 
 1.49960000e-07  0.00000000e+00 
 1.50960000e-07  0.00000000e+00 
 1.51960000e-07  0.00000000e+00 
 1.52960000e-07  0.00000000e+00 
 1.53960000e-07  0.00000000e+00 
 1.54960000e-07  0.00000000e+00 
 1.55960000e-07  0.00000000e+00 
 1.56960000e-07  0.00000000e+00 
 1.57960000e-07  0.00000000e+00 
 1.58960000e-07  0.00000000e+00 
 1.59960000e-07  0.00000000e+00 
 1.60960000e-07  0.00000000e+00 
 1.61960000e-07  0.00000000e+00 
 1.62960000e-07  0.00000000e+00 
 1.63960000e-07  0.00000000e+00 
 1.64960000e-07  0.00000000e+00 
 1.65960000e-07  0.00000000e+00 
 1.66960000e-07  0.00000000e+00 
 1.67960000e-07  0.00000000e+00 
 1.68960000e-07  0.00000000e+00 
 1.69960000e-07  0.00000000e+00 
 1.70960000e-07  0.00000000e+00 
 1.71960000e-07  0.00000000e+00 
 1.72960000e-07  0.00000000e+00 
 1.73960000e-07  0.00000000e+00 
 1.74960000e-07  0.00000000e+00 
 1.75960000e-07  0.00000000e+00 
 1.76960000e-07  0.00000000e+00 
 1.77960000e-07  0.00000000e+00 
 1.78960000e-07  0.00000000e+00 
 1.79960000e-07  0.00000000e+00 
 1.80960000e-07  0.00000000e+00 
 1.81960000e-07  0.00000000e+00 
 1.82960000e-07  0.00000000e+00 
 1.83960000e-07  0.00000000e+00 
 1.84960000e-07  0.00000000e+00 
 1.85960000e-07  0.00000000e+00 
 1.86960000e-07  0.00000000e+00 
 1.87960000e-07  0.00000000e+00 
 1.88960000e-07  0.00000000e+00 
 1.89960000e-07  0.00000000e+00 
 1.90960000e-07  0.00000000e+00 
 1.91960000e-07  0.00000000e+00 
 1.92960000e-07  0.00000000e+00 
 1.93960000e-07  0.00000000e+00 
 1.94960000e-07  0.00000000e+00 
 1.95960000e-07  0.00000000e+00 
 1.96960000e-07  0.00000000e+00 
 1.97960000e-07  0.00000000e+00 
 1.98960000e-07  0.00000000e+00 
 1.99960000e-07  0.00000000e+00 
 2.00960000e-07  0.00000000e+00 
 2.01960000e-07  0.00000000e+00 
 2.02960000e-07  0.00000000e+00 
 2.03960000e-07  0.00000000e+00 
 2.04960000e-07  0.00000000e+00 
 2.05960000e-07  0.00000000e+00 
 2.06960000e-07  0.00000000e+00 
 2.07960000e-07  0.00000000e+00 
 2.08960000e-07  0.00000000e+00 
 2.09960000e-07  0.00000000e+00 
 2.10960000e-07  0.00000000e+00 
 2.11960000e-07  0.00000000e+00 
 2.12960000e-07  0.00000000e+00 
 2.13960000e-07  0.00000000e+00 
 2.14960000e-07  0.00000000e+00 
 2.15960000e-07  0.00000000e+00 
 2.16960000e-07  0.00000000e+00 
 2.17960000e-07  0.00000000e+00 
 2.18960000e-07  0.00000000e+00 
 2.19960000e-07  0.00000000e+00 
 2.20960000e-07  0.00000000e+00 
 2.21960000e-07  0.00000000e+00 
 2.22960000e-07  0.00000000e+00 
 2.23960000e-07  0.00000000e+00 
 2.24960000e-07  0.00000000e+00 
 2.25960000e-07  0.00000000e+00 
 2.26960000e-07  0.00000000e+00 
 2.27960000e-07  0.00000000e+00 
 2.28960000e-07  0.00000000e+00 
 2.29960000e-07  0.00000000e+00 
 2.30960000e-07  0.00000000e+00 
 2.31960000e-07  0.00000000e+00 
 2.32960000e-07  0.00000000e+00 
 2.33960000e-07  0.00000000e+00 
 2.34960000e-07  0.00000000e+00 
 2.35960000e-07  0.00000000e+00 
 2.36960000e-07  0.00000000e+00 
 2.37960000e-07  0.00000000e+00 
 2.38960000e-07  0.00000000e+00 
 2.39960000e-07  0.00000000e+00 
 2.40960000e-07  0.00000000e+00 
 2.41960000e-07  0.00000000e+00 
 2.42960000e-07  0.00000000e+00 
 2.43960000e-07  0.00000000e+00 
 2.44960000e-07  0.00000000e+00 
 2.45960000e-07  0.00000000e+00 
 2.46960000e-07  0.00000000e+00 
 2.47960000e-07  0.00000000e+00 
 2.48960000e-07  0.00000000e+00 
 2.49960000e-07  0.00000000e+00 
 2.50960000e-07  0.00000000e+00 
 2.51960000e-07  0.00000000e+00 
 2.52960000e-07  0.00000000e+00 
 2.53960000e-07  0.00000000e+00 
 2.54960000e-07  0.00000000e+00 
 2.55960000e-07  0.00000000e+00 
 2.56960000e-07  0.00000000e+00 
 2.57960000e-07  0.00000000e+00 
 2.58960000e-07  0.00000000e+00 
 2.59960000e-07  0.00000000e+00 
 2.60960000e-07  0.00000000e+00 
 2.61960000e-07  0.00000000e+00 
 2.62960000e-07  0.00000000e+00 
 2.63960000e-07  0.00000000e+00 
 2.64960000e-07  0.00000000e+00 
 2.65960000e-07  0.00000000e+00 
 2.66960000e-07  0.00000000e+00 
 2.67960000e-07  0.00000000e+00 
 2.68960000e-07  0.00000000e+00 
 2.69960000e-07  0.00000000e+00 
 2.70960000e-07  0.00000000e+00 
 2.71960000e-07  0.00000000e+00 
 2.72960000e-07  0.00000000e+00 
 2.73960000e-07  0.00000000e+00 
 2.74960000e-07  0.00000000e+00 
 2.75960000e-07  0.00000000e+00 
 2.76960000e-07  0.00000000e+00 
 2.77960000e-07  0.00000000e+00 
 2.78960000e-07  0.00000000e+00 
 2.79960000e-07  0.00000000e+00 
 2.80960000e-07  0.00000000e+00 
 2.81960000e-07  0.00000000e+00 
 2.82960000e-07  0.00000000e+00 
 2.83960000e-07  0.00000000e+00 
 2.84960000e-07  0.00000000e+00 
 2.85960000e-07  0.00000000e+00 
 2.86960000e-07  0.00000000e+00 
 2.87960000e-07  0.00000000e+00 
 2.88960000e-07  0.00000000e+00 
 2.89960000e-07  0.00000000e+00 
 2.90960000e-07  0.00000000e+00 
 2.91960000e-07  0.00000000e+00 
 2.92960000e-07  0.00000000e+00 
 2.93960000e-07  0.00000000e+00 
 2.94960000e-07  0.00000000e+00 
 2.95960000e-07  0.00000000e+00 
 2.96960000e-07  0.00000000e+00 
 2.97960000e-07  0.00000000e+00 
 2.98960000e-07  0.00000000e+00 
 2.99960000e-07  0.00000000e+00 
 3.00960000e-07  0.00000000e+00 
 3.01960000e-07  0.00000000e+00 
 3.02960000e-07  0.00000000e+00 
 3.03960000e-07  0.00000000e+00 
 3.04960000e-07  0.00000000e+00 
 3.05960000e-07  0.00000000e+00 
 3.06960000e-07  0.00000000e+00 
 3.07960000e-07  0.00000000e+00 
 3.08960000e-07  0.00000000e+00 
 3.09960000e-07  0.00000000e+00 
 3.10960000e-07  0.00000000e+00 
 3.11960000e-07  0.00000000e+00 
 3.12960000e-07  0.00000000e+00 
 3.13960000e-07  0.00000000e+00 
 3.14960000e-07  0.00000000e+00 
 3.15960000e-07  0.00000000e+00 
 3.16960000e-07  0.00000000e+00 
 3.17960000e-07  0.00000000e+00 
 3.18960000e-07  0.00000000e+00 
 3.19960000e-07  0.00000000e+00 
 3.20960000e-07  0.00000000e+00 
 3.21960000e-07  0.00000000e+00 
 3.22960000e-07  0.00000000e+00 
 3.23960000e-07  0.00000000e+00 
 3.24960000e-07  0.00000000e+00 
 3.25960000e-07  0.00000000e+00 
 3.26960000e-07  0.00000000e+00 
 3.27960000e-07  0.00000000e+00 
 3.28960000e-07  0.00000000e+00 
 3.29960000e-07  0.00000000e+00 
 3.30960000e-07  0.00000000e+00 
 3.31960000e-07  0.00000000e+00 
 3.32960000e-07  0.00000000e+00 
 3.33960000e-07  0.00000000e+00 
 3.34960000e-07  0.00000000e+00 
 3.35960000e-07  0.00000000e+00 
 3.36960000e-07  0.00000000e+00 
 3.37960000e-07  0.00000000e+00 
 3.38960000e-07  0.00000000e+00 
 3.39960000e-07  0.00000000e+00 
 3.40960000e-07  0.00000000e+00 
 3.41960000e-07  0.00000000e+00 
 3.42960000e-07  0.00000000e+00 
 3.43960000e-07  0.00000000e+00 
 3.44960000e-07  0.00000000e+00 
 3.45960000e-07  0.00000000e+00 
 3.46960000e-07  0.00000000e+00 
 3.47960000e-07  0.00000000e+00 
 3.48960000e-07  0.00000000e+00 
 3.49960000e-07  0.00000000e+00 
 3.50960000e-07  0.00000000e+00 
 3.51960000e-07  0.00000000e+00 
 3.52960000e-07  0.00000000e+00 
 3.53960000e-07  0.00000000e+00 
 3.54960000e-07  0.00000000e+00 
 3.55960000e-07  0.00000000e+00 
 3.56960000e-07  0.00000000e+00 
 3.57960000e-07  0.00000000e+00 
 3.58960000e-07  0.00000000e+00 
 3.59960000e-07  0.00000000e+00 
 3.60960000e-07  0.00000000e+00 
 3.61960000e-07  0.00000000e+00 
 3.62960000e-07  0.00000000e+00 
 3.63960000e-07  0.00000000e+00 
 3.64960000e-07  0.00000000e+00 
 3.65960000e-07  0.00000000e+00 
 3.66960000e-07  0.00000000e+00 
 3.67960000e-07  0.00000000e+00 
 3.68960000e-07  0.00000000e+00 
 3.69960000e-07  0.00000000e+00 
 3.70960000e-07  0.00000000e+00 
 3.71960000e-07  0.00000000e+00 
 3.72960000e-07  0.00000000e+00 
 3.73960000e-07  0.00000000e+00 
 3.74960000e-07  0.00000000e+00 
 3.75960000e-07  0.00000000e+00 
 3.76000000e-07  0.00000000e+00 
 3.76080000e-07  0.00000000e+00 
 3.76240000e-07  0.00000000e+00 
 3.76560000e-07  0.00000000e+00 
 3.77000000e-07  0.00000000e+00 
 3.77064000e-07  0.00000000e+00 
 3.77192000e-07  0.00000000e+00 
 3.77448000e-07  0.00000000e+00 
 3.77960000e-07  0.00000000e+00 
 3.78960000e-07  0.00000000e+00 
 3.79960000e-07  0.00000000e+00 
 3.80960000e-07  0.00000000e+00 
 3.81960000e-07  0.00000000e+00 
 3.82960000e-07  0.00000000e+00 
 3.83960000e-07  0.00000000e+00 
 3.84960000e-07  0.00000000e+00 
 3.85960000e-07  0.00000000e+00 
 3.86960000e-07  0.00000000e+00 
 3.87960000e-07  0.00000000e+00 
 3.88960000e-07  0.00000000e+00 
 3.89960000e-07  0.00000000e+00 
 3.90960000e-07  0.00000000e+00 
 3.91960000e-07  0.00000000e+00 
 3.92960000e-07  0.00000000e+00 
 3.93960000e-07  0.00000000e+00 
 3.94960000e-07  0.00000000e+00 
 3.95960000e-07  0.00000000e+00 
 3.96960000e-07  0.00000000e+00 
 3.97960000e-07  0.00000000e+00 
 3.98960000e-07  0.00000000e+00 
 3.99960000e-07  0.00000000e+00 
 4.00960000e-07  0.00000000e+00 
 4.01960000e-07  0.00000000e+00 
 4.02960000e-07  0.00000000e+00 
 4.03960000e-07  0.00000000e+00 
 4.04960000e-07  0.00000000e+00 
 4.05960000e-07  0.00000000e+00 
 4.06960000e-07  0.00000000e+00 
 4.07960000e-07  0.00000000e+00 
 4.08960000e-07  0.00000000e+00 
 4.09960000e-07  0.00000000e+00 
 4.10960000e-07  0.00000000e+00 
 4.11960000e-07  0.00000000e+00 
 4.12960000e-07  0.00000000e+00 
 4.13960000e-07  0.00000000e+00 
 4.14960000e-07  0.00000000e+00 
 4.15960000e-07  0.00000000e+00 
 4.16960000e-07  0.00000000e+00 
 4.17960000e-07  0.00000000e+00 
 4.18960000e-07  0.00000000e+00 
 4.19960000e-07  0.00000000e+00 
 4.20960000e-07  0.00000000e+00 
 4.21960000e-07  0.00000000e+00 
 4.22960000e-07  0.00000000e+00 
 4.23960000e-07  0.00000000e+00 
 4.24960000e-07  0.00000000e+00 
 4.25960000e-07  0.00000000e+00 
 4.26960000e-07  0.00000000e+00 
 4.27960000e-07  0.00000000e+00 
 4.28960000e-07  0.00000000e+00 
 4.29960000e-07  0.00000000e+00 
 4.30960000e-07  0.00000000e+00 
 4.31960000e-07  0.00000000e+00 
 4.32960000e-07  0.00000000e+00 
 4.33960000e-07  0.00000000e+00 
 4.34960000e-07  0.00000000e+00 
 4.35960000e-07  0.00000000e+00 
 4.36960000e-07  0.00000000e+00 
 4.37960000e-07  0.00000000e+00 
 4.38960000e-07  0.00000000e+00 
 4.39960000e-07  0.00000000e+00 
 4.40960000e-07  0.00000000e+00 
 4.41960000e-07  0.00000000e+00 
 4.42960000e-07  0.00000000e+00 
 4.43960000e-07  0.00000000e+00 
 4.44960000e-07  0.00000000e+00 
 4.45960000e-07  0.00000000e+00 
 4.46960000e-07  0.00000000e+00 
 4.47960000e-07  0.00000000e+00 
 4.48960000e-07  0.00000000e+00 
 4.49960000e-07  0.00000000e+00 
 4.50960000e-07  0.00000000e+00 
 4.51960000e-07  0.00000000e+00 
 4.52960000e-07  0.00000000e+00 
 4.53960000e-07  0.00000000e+00 
 4.54960000e-07  0.00000000e+00 
 4.55960000e-07  0.00000000e+00 
 4.56960000e-07  0.00000000e+00 
 4.57960000e-07  0.00000000e+00 
 4.58960000e-07  0.00000000e+00 
 4.59960000e-07  0.00000000e+00 
 4.60960000e-07  0.00000000e+00 
 4.61960000e-07  0.00000000e+00 
 4.62960000e-07  0.00000000e+00 
 4.63960000e-07  0.00000000e+00 
 4.64960000e-07  0.00000000e+00 
 4.65960000e-07  0.00000000e+00 
 4.66960000e-07  0.00000000e+00 
 4.67960000e-07  0.00000000e+00 
 4.68960000e-07  0.00000000e+00 
 4.69960000e-07  0.00000000e+00 
 4.70960000e-07  0.00000000e+00 
 4.71960000e-07  0.00000000e+00 
 4.72960000e-07  0.00000000e+00 
 4.73960000e-07  0.00000000e+00 
 4.74960000e-07  0.00000000e+00 
 4.75960000e-07  0.00000000e+00 
 4.76960000e-07  0.00000000e+00 
 4.77960000e-07  0.00000000e+00 
 4.78960000e-07  0.00000000e+00 
 4.79960000e-07  0.00000000e+00 
 4.80960000e-07  0.00000000e+00 
 4.81960000e-07  0.00000000e+00 
 4.82960000e-07  0.00000000e+00 
 4.83960000e-07  0.00000000e+00 
 4.84960000e-07  0.00000000e+00 
 4.85960000e-07  0.00000000e+00 
 4.86960000e-07  0.00000000e+00 
 4.87960000e-07  0.00000000e+00 
 4.88960000e-07  0.00000000e+00 
 4.89960000e-07  0.00000000e+00 
 4.90960000e-07  0.00000000e+00 
 4.91000000e-07  0.00000000e+00 
 4.91080000e-07  0.00000000e+00 
 4.91240000e-07  0.00000000e+00 
 4.91560000e-07  0.00000000e+00 
 4.92000000e-07  0.00000000e+00 
 4.92064000e-07  0.00000000e+00 
 4.92192000e-07  0.00000000e+00 
 4.92448000e-07  0.00000000e+00 
 4.92960000e-07  0.00000000e+00 
 4.93960000e-07  0.00000000e+00 
 4.94960000e-07  0.00000000e+00 
 4.95960000e-07  0.00000000e+00 
 4.96960000e-07  0.00000000e+00 
 4.97960000e-07  0.00000000e+00 
 4.98960000e-07  0.00000000e+00 
 4.99960000e-07  0.00000000e+00 
 5.00960000e-07  0.00000000e+00 
 5.01960000e-07  0.00000000e+00 
 5.02960000e-07  0.00000000e+00 
 5.03960000e-07  0.00000000e+00 
 5.04960000e-07  0.00000000e+00 
 5.05960000e-07  0.00000000e+00 
 5.06960000e-07  0.00000000e+00 
 5.07960000e-07  0.00000000e+00 
 5.08960000e-07  0.00000000e+00 
 5.09960000e-07  0.00000000e+00 
 5.10000000e-07  0.00000000e+00 
 5.10080000e-07  0.00000000e+00 
 5.10240000e-07  0.00000000e+00 
 5.10560000e-07  0.00000000e+00 
 5.11000000e-07  0.00000000e+00 
 5.11064000e-07  0.00000000e+00 
 5.11192000e-07  0.00000000e+00 
 5.11448000e-07  0.00000000e+00 
 5.11960000e-07  0.00000000e+00 
 5.12960000e-07  0.00000000e+00 
 5.13960000e-07  0.00000000e+00 
 5.14960000e-07  0.00000000e+00 
 5.15960000e-07  0.00000000e+00 
 5.16960000e-07  0.00000000e+00 
 5.17960000e-07  0.00000000e+00 
 5.18960000e-07  0.00000000e+00 
 5.19960000e-07  0.00000000e+00 
 5.20960000e-07  0.00000000e+00 
 5.21960000e-07  0.00000000e+00 
 5.22960000e-07  0.00000000e+00 
 5.23960000e-07  0.00000000e+00 
 5.24960000e-07  0.00000000e+00 
 5.25960000e-07  0.00000000e+00 
 5.26960000e-07  0.00000000e+00 
 5.27960000e-07  0.00000000e+00 
 5.28960000e-07  0.00000000e+00 
 5.29960000e-07  0.00000000e+00 
 5.30960000e-07  0.00000000e+00 
 5.31960000e-07  0.00000000e+00 
 5.32960000e-07  0.00000000e+00 
 5.33960000e-07  0.00000000e+00 
 5.34960000e-07  0.00000000e+00 
 5.35960000e-07  0.00000000e+00 
 5.36960000e-07  0.00000000e+00 
 5.37960000e-07  0.00000000e+00 
 5.38960000e-07  0.00000000e+00 
 5.39960000e-07  0.00000000e+00 
 5.40960000e-07  0.00000000e+00 
 5.41960000e-07  0.00000000e+00 
 5.42960000e-07  0.00000000e+00 
 5.43960000e-07  0.00000000e+00 
 5.44960000e-07  0.00000000e+00 
 5.45960000e-07  0.00000000e+00 
 5.46960000e-07  0.00000000e+00 
 5.47960000e-07  0.00000000e+00 
 5.48960000e-07  0.00000000e+00 
 5.49960000e-07  0.00000000e+00 
 5.50960000e-07  0.00000000e+00 
 5.51960000e-07  0.00000000e+00 
 5.52960000e-07  0.00000000e+00 
 5.53960000e-07  0.00000000e+00 
 5.54960000e-07  0.00000000e+00 
 5.55960000e-07  0.00000000e+00 
 5.56960000e-07  0.00000000e+00 
 5.57960000e-07  0.00000000e+00 
 5.58960000e-07  0.00000000e+00 
 5.59960000e-07  0.00000000e+00 
 5.60960000e-07  0.00000000e+00 
 5.61960000e-07  0.00000000e+00 
 5.62960000e-07  0.00000000e+00 
 5.63960000e-07  0.00000000e+00 
 5.64960000e-07  0.00000000e+00 
 5.65960000e-07  0.00000000e+00 
 5.66960000e-07  0.00000000e+00 
 5.67960000e-07  0.00000000e+00 
 5.68960000e-07  0.00000000e+00 
 5.69960000e-07  0.00000000e+00 
 5.70960000e-07  0.00000000e+00 
 5.71960000e-07  0.00000000e+00 
 5.72960000e-07  0.00000000e+00 
 5.73960000e-07  0.00000000e+00 
 5.74960000e-07  0.00000000e+00 
 5.75960000e-07  0.00000000e+00 
 5.76960000e-07  0.00000000e+00 
 5.77960000e-07  0.00000000e+00 
 5.78960000e-07  0.00000000e+00 
 5.79960000e-07  0.00000000e+00 
 5.80960000e-07  0.00000000e+00 
 5.81960000e-07  0.00000000e+00 
 5.82960000e-07  0.00000000e+00 
 5.83960000e-07  0.00000000e+00 
 5.84960000e-07  0.00000000e+00 
 5.85960000e-07  0.00000000e+00 
 5.86960000e-07  0.00000000e+00 
 5.87960000e-07  0.00000000e+00 
 5.88960000e-07  0.00000000e+00 
 5.89960000e-07  0.00000000e+00 
 5.90960000e-07  0.00000000e+00 
 5.91960000e-07  0.00000000e+00 
 5.92960000e-07  0.00000000e+00 
 5.93960000e-07  0.00000000e+00 
 5.94960000e-07  0.00000000e+00 
 5.95960000e-07  0.00000000e+00 
 5.96960000e-07  0.00000000e+00 
 5.97960000e-07  0.00000000e+00 
 5.98960000e-07  0.00000000e+00 
 5.99960000e-07  0.00000000e+00 
 6.00960000e-07  0.00000000e+00 
 6.01960000e-07  0.00000000e+00 
 6.02960000e-07  0.00000000e+00 
 6.03960000e-07  0.00000000e+00 
 6.04960000e-07  0.00000000e+00 
 6.05960000e-07  0.00000000e+00 
 6.06960000e-07  0.00000000e+00 
 6.07960000e-07  0.00000000e+00 
 6.08960000e-07  0.00000000e+00 
 6.09960000e-07  0.00000000e+00 
 6.10960000e-07  0.00000000e+00 
 6.11960000e-07  0.00000000e+00 
 6.12960000e-07  0.00000000e+00 
 6.13960000e-07  0.00000000e+00 
 6.14960000e-07  0.00000000e+00 
 6.15960000e-07  0.00000000e+00 
 6.16960000e-07  0.00000000e+00 
 6.17960000e-07  0.00000000e+00 
 6.18960000e-07  0.00000000e+00 
 6.19960000e-07  0.00000000e+00 
 6.20960000e-07  0.00000000e+00 
 6.21960000e-07  0.00000000e+00 
 6.22960000e-07  0.00000000e+00 
 6.23960000e-07  0.00000000e+00 
 6.24960000e-07  0.00000000e+00 
 6.25960000e-07  0.00000000e+00 
 6.26960000e-07  0.00000000e+00 
 6.27960000e-07  0.00000000e+00 
 6.28960000e-07  0.00000000e+00 
 6.29960000e-07  0.00000000e+00 
 6.30960000e-07  0.00000000e+00 
 6.31960000e-07  0.00000000e+00 
 6.32960000e-07  0.00000000e+00 
 6.33960000e-07  0.00000000e+00 
 6.34960000e-07  0.00000000e+00 
 6.35960000e-07  0.00000000e+00 
 6.36960000e-07  0.00000000e+00 
 6.37960000e-07  0.00000000e+00 
 6.38960000e-07  0.00000000e+00 
 6.39960000e-07  0.00000000e+00 
 6.40960000e-07  0.00000000e+00 
 6.41960000e-07  0.00000000e+00 
 6.42960000e-07  0.00000000e+00 
 6.43960000e-07  0.00000000e+00 
 6.44960000e-07  0.00000000e+00 
 6.45960000e-07  0.00000000e+00 
 6.46960000e-07  0.00000000e+00 
 6.47960000e-07  0.00000000e+00 
 6.48960000e-07  0.00000000e+00 
 6.49960000e-07  0.00000000e+00 
 6.50960000e-07  0.00000000e+00 
 6.51960000e-07  0.00000000e+00 
 6.52960000e-07  0.00000000e+00 
 6.53960000e-07  0.00000000e+00 
 6.54960000e-07  0.00000000e+00 
 6.55960000e-07  0.00000000e+00 
 6.56960000e-07  0.00000000e+00 
 6.57960000e-07  0.00000000e+00 
 6.58960000e-07  0.00000000e+00 
 6.59960000e-07  0.00000000e+00 
 6.60960000e-07  0.00000000e+00 
 6.61960000e-07  0.00000000e+00 
 6.62960000e-07  0.00000000e+00 
 6.63960000e-07  0.00000000e+00 
 6.64960000e-07  0.00000000e+00 
 6.65960000e-07  0.00000000e+00 
 6.66960000e-07  0.00000000e+00 
 6.67960000e-07  0.00000000e+00 
 6.68960000e-07  0.00000000e+00 
 6.69960000e-07  0.00000000e+00 
 6.70960000e-07  0.00000000e+00 
 6.71960000e-07  0.00000000e+00 
 6.72960000e-07  0.00000000e+00 
 6.73960000e-07  0.00000000e+00 
 6.74960000e-07  0.00000000e+00 
 6.75960000e-07  0.00000000e+00 
 6.76960000e-07  0.00000000e+00 
 6.77960000e-07  0.00000000e+00 
 6.78960000e-07  0.00000000e+00 
 6.79960000e-07  0.00000000e+00 
 6.80960000e-07  0.00000000e+00 
 6.81960000e-07  0.00000000e+00 
 6.82960000e-07  0.00000000e+00 
 6.83960000e-07  0.00000000e+00 
 6.84960000e-07  0.00000000e+00 
 6.85960000e-07  0.00000000e+00 
 6.86960000e-07  0.00000000e+00 
 6.87960000e-07  0.00000000e+00 
 6.88960000e-07  0.00000000e+00 
 6.89960000e-07  0.00000000e+00 
 6.90960000e-07  0.00000000e+00 
 6.91960000e-07  0.00000000e+00 
 6.92960000e-07  0.00000000e+00 
 6.93960000e-07  0.00000000e+00 
 6.94960000e-07  0.00000000e+00 
 6.95960000e-07  0.00000000e+00 
 6.96960000e-07  0.00000000e+00 
 6.97960000e-07  0.00000000e+00 
 6.98960000e-07  0.00000000e+00 
 6.99960000e-07  0.00000000e+00 
 7.00960000e-07  0.00000000e+00 
 7.01960000e-07  0.00000000e+00 
 7.02960000e-07  0.00000000e+00 
 7.03960000e-07  0.00000000e+00 
 7.04960000e-07  0.00000000e+00 
 7.05960000e-07  0.00000000e+00 
 7.06960000e-07  0.00000000e+00 
 7.07960000e-07  0.00000000e+00 
 7.08960000e-07  0.00000000e+00 
 7.09960000e-07  0.00000000e+00 
 7.10960000e-07  0.00000000e+00 
 7.11960000e-07  0.00000000e+00 
 7.12960000e-07  0.00000000e+00 
 7.13960000e-07  0.00000000e+00 
 7.14960000e-07  0.00000000e+00 
 7.15960000e-07  0.00000000e+00 
 7.16960000e-07  0.00000000e+00 
 7.17960000e-07  0.00000000e+00 
 7.18960000e-07  0.00000000e+00 
 7.19960000e-07  0.00000000e+00 
 7.20960000e-07  0.00000000e+00 
 7.21960000e-07  0.00000000e+00 
 7.22960000e-07  0.00000000e+00 
 7.23960000e-07  0.00000000e+00 
 7.24960000e-07  0.00000000e+00 
 7.25960000e-07  0.00000000e+00 
 7.26960000e-07  0.00000000e+00 
 7.27960000e-07  0.00000000e+00 
 7.28960000e-07  0.00000000e+00 
 7.29960000e-07  0.00000000e+00 
 7.30960000e-07  0.00000000e+00 
 7.31960000e-07  0.00000000e+00 
 7.32960000e-07  0.00000000e+00 
 7.33960000e-07  0.00000000e+00 
 7.34960000e-07  0.00000000e+00 
 7.35960000e-07  0.00000000e+00 
 7.36960000e-07  0.00000000e+00 
 7.37960000e-07  0.00000000e+00 
 7.38960000e-07  0.00000000e+00 
 7.39960000e-07  0.00000000e+00 
 7.40960000e-07  0.00000000e+00 
 7.41960000e-07  0.00000000e+00 
 7.42960000e-07  0.00000000e+00 
 7.43960000e-07  0.00000000e+00 
 7.44960000e-07  0.00000000e+00 
 7.45960000e-07  0.00000000e+00 
 7.46960000e-07  0.00000000e+00 
 7.47960000e-07  0.00000000e+00 
 7.48960000e-07  0.00000000e+00 
 7.49960000e-07  0.00000000e+00 
 7.50000000e-07  0.00000000e+00 
 7.50080000e-07  0.00000000e+00 
 7.50240000e-07  0.00000000e+00 
 7.50560000e-07  0.00000000e+00 
 7.51000000e-07  0.00000000e+00 
 7.51064000e-07  0.00000000e+00 
 7.51192000e-07  0.00000000e+00 
 7.51448000e-07  0.00000000e+00 
 7.51960001e-07  0.00000000e+00 
 7.52960001e-07  0.00000000e+00 
 7.53960001e-07  0.00000000e+00 
 7.54960001e-07  0.00000000e+00 
 7.55960001e-07  0.00000000e+00 
 7.56960001e-07  0.00000000e+00 
 7.57960001e-07  0.00000000e+00 
 7.58960001e-07  0.00000000e+00 
 7.59960001e-07  0.00000000e+00 
 7.60960001e-07  0.00000000e+00 
 7.61960001e-07  0.00000000e+00 
 7.62960001e-07  0.00000000e+00 
 7.63960001e-07  0.00000000e+00 
 7.64960001e-07  0.00000000e+00 
 7.65960001e-07  0.00000000e+00 
 7.66960001e-07  0.00000000e+00 
 7.67960001e-07  0.00000000e+00 
 7.68960001e-07  0.00000000e+00 
 7.69960001e-07  0.00000000e+00 
 7.70960001e-07  0.00000000e+00 
 7.71960001e-07  0.00000000e+00 
 7.72960001e-07  0.00000000e+00 
 7.73960001e-07  0.00000000e+00 
 7.74960001e-07  0.00000000e+00 
 7.75960001e-07  0.00000000e+00 
 7.76960001e-07  0.00000000e+00 
 7.77960001e-07  0.00000000e+00 
 7.78960001e-07  0.00000000e+00 
 7.79960001e-07  0.00000000e+00 
 7.80960001e-07  0.00000000e+00 
 7.81960001e-07  0.00000000e+00 
 7.82960001e-07  0.00000000e+00 
 7.83960001e-07  0.00000000e+00 
 7.84960001e-07  0.00000000e+00 
 7.85960001e-07  0.00000000e+00 
 7.86960001e-07  0.00000000e+00 
 7.87960001e-07  0.00000000e+00 
 7.88960001e-07  0.00000000e+00 
 7.89960001e-07  0.00000000e+00 
 7.90960001e-07  0.00000000e+00 
 7.91960001e-07  0.00000000e+00 
 7.92960001e-07  0.00000000e+00 
 7.93960001e-07  0.00000000e+00 
 7.94960001e-07  0.00000000e+00 
 7.95960001e-07  0.00000000e+00 
 7.96960001e-07  0.00000000e+00 
 7.97960001e-07  0.00000000e+00 
 7.98960001e-07  0.00000000e+00 
 7.99960001e-07  0.00000000e+00 
 8.00960001e-07  0.00000000e+00 
 8.01960001e-07  0.00000000e+00 
 8.02960001e-07  0.00000000e+00 
 8.03960001e-07  0.00000000e+00 
 8.04960001e-07  0.00000000e+00 
 8.05960001e-07  0.00000000e+00 
 8.06960001e-07  0.00000000e+00 
 8.07960001e-07  0.00000000e+00 
 8.08960001e-07  0.00000000e+00 
 8.09960001e-07  0.00000000e+00 
 8.10960001e-07  0.00000000e+00 
 8.11960001e-07  0.00000000e+00 
 8.12960001e-07  0.00000000e+00 
 8.13960001e-07  0.00000000e+00 
 8.14960001e-07  0.00000000e+00 
 8.15960001e-07  0.00000000e+00 
 8.16960001e-07  0.00000000e+00 
 8.17960001e-07  0.00000000e+00 
 8.18960001e-07  0.00000000e+00 
 8.19960001e-07  0.00000000e+00 
 8.20960001e-07  0.00000000e+00 
 8.21960001e-07  0.00000000e+00 
 8.22960001e-07  0.00000000e+00 
 8.23960001e-07  0.00000000e+00 
 8.24960001e-07  0.00000000e+00 
 8.25960001e-07  0.00000000e+00 
 8.26960001e-07  0.00000000e+00 
 8.27960001e-07  0.00000000e+00 
 8.28960001e-07  0.00000000e+00 
 8.29960001e-07  0.00000000e+00 
 8.30960001e-07  0.00000000e+00 
 8.31960001e-07  0.00000000e+00 
 8.32960001e-07  0.00000000e+00 
 8.33960001e-07  0.00000000e+00 
 8.34960001e-07  0.00000000e+00 
 8.35960001e-07  0.00000000e+00 
 8.36960001e-07  0.00000000e+00 
 8.37960001e-07  0.00000000e+00 
 8.38960001e-07  0.00000000e+00 
 8.39960001e-07  0.00000000e+00 
 8.40960001e-07  0.00000000e+00 
 8.41960001e-07  0.00000000e+00 
 8.42960001e-07  0.00000000e+00 
 8.43960001e-07  0.00000000e+00 
 8.44960001e-07  0.00000000e+00 
 8.45960001e-07  0.00000000e+00 
 8.46960001e-07  0.00000000e+00 
 8.47960001e-07  0.00000000e+00 
 8.48960001e-07  0.00000000e+00 
 8.49960001e-07  0.00000000e+00 
 8.50960001e-07  0.00000000e+00 
 8.51960001e-07  0.00000000e+00 
 8.52960001e-07  0.00000000e+00 
 8.53960001e-07  0.00000000e+00 
 8.54960001e-07  0.00000000e+00 
 8.55960001e-07  0.00000000e+00 
 8.56960001e-07  0.00000000e+00 
 8.57960001e-07  0.00000000e+00 
 8.58960001e-07  0.00000000e+00 
 8.59960001e-07  0.00000000e+00 
 8.60960001e-07  0.00000000e+00 
 8.61960001e-07  0.00000000e+00 
 8.62960001e-07  0.00000000e+00 
 8.63960001e-07  0.00000000e+00 
 8.64960001e-07  0.00000000e+00 
 8.65960001e-07  0.00000000e+00 
 8.66960001e-07  0.00000000e+00 
 8.67960001e-07  0.00000000e+00 
 8.68960001e-07  0.00000000e+00 
 8.69960001e-07  0.00000000e+00 
 8.70960001e-07  0.00000000e+00 
 8.71960001e-07  0.00000000e+00 
 8.72960001e-07  0.00000000e+00 
 8.73960001e-07  0.00000000e+00 
 8.74960001e-07  0.00000000e+00 
 8.75960001e-07  0.00000000e+00 
 8.76960001e-07  0.00000000e+00 
 8.77960001e-07  0.00000000e+00 
 8.78960001e-07  0.00000000e+00 
 8.79960001e-07  0.00000000e+00 
 8.80960001e-07  0.00000000e+00 
 8.81960001e-07  0.00000000e+00 
 8.82960001e-07  0.00000000e+00 
 8.83960001e-07  0.00000000e+00 
 8.84960001e-07  0.00000000e+00 
 8.85960001e-07  0.00000000e+00 
 8.86960001e-07  0.00000000e+00 
 8.87960001e-07  0.00000000e+00 
 8.88960001e-07  0.00000000e+00 
 8.89960001e-07  0.00000000e+00 
 8.90960001e-07  0.00000000e+00 
 8.91960001e-07  0.00000000e+00 
 8.92960001e-07  0.00000000e+00 
 8.93960001e-07  0.00000000e+00 
 8.94960001e-07  0.00000000e+00 
 8.95960001e-07  0.00000000e+00 
 8.96960001e-07  0.00000000e+00 
 8.97960001e-07  0.00000000e+00 
 8.98960001e-07  0.00000000e+00 
 8.99960001e-07  0.00000000e+00 
 9.00960001e-07  0.00000000e+00 
 9.01960001e-07  0.00000000e+00 
 9.02960001e-07  0.00000000e+00 
 9.03960001e-07  0.00000000e+00 
 9.04960001e-07  0.00000000e+00 
 9.05960001e-07  0.00000000e+00 
 9.06960001e-07  0.00000000e+00 
 9.07960001e-07  0.00000000e+00 
 9.08960001e-07  0.00000000e+00 
 9.09960001e-07  0.00000000e+00 
 9.10960001e-07  0.00000000e+00 
 9.11960001e-07  0.00000000e+00 
 9.12960001e-07  0.00000000e+00 
 9.13960001e-07  0.00000000e+00 
 9.14960001e-07  0.00000000e+00 
 9.15960001e-07  0.00000000e+00 
 9.16960001e-07  0.00000000e+00 
 9.17960001e-07  0.00000000e+00 
 9.18960001e-07  0.00000000e+00 
 9.19960001e-07  0.00000000e+00 
 9.20960001e-07  0.00000000e+00 
 9.21960001e-07  0.00000000e+00 
 9.22960001e-07  0.00000000e+00 
 9.23960001e-07  0.00000000e+00 
 9.24960001e-07  0.00000000e+00 
 9.25960001e-07  0.00000000e+00 
 9.26960001e-07  0.00000000e+00 
 9.27960001e-07  0.00000000e+00 
 9.28960001e-07  0.00000000e+00 
 9.29960001e-07  0.00000000e+00 
 9.30960001e-07  0.00000000e+00 
 9.31960001e-07  0.00000000e+00 
 9.32960001e-07  0.00000000e+00 
 9.33960001e-07  0.00000000e+00 
 9.34960001e-07  0.00000000e+00 
 9.35960001e-07  0.00000000e+00 
 9.36960001e-07  0.00000000e+00 
 9.37960001e-07  0.00000000e+00 
 9.38960001e-07  0.00000000e+00 
 9.39960001e-07  0.00000000e+00 
 9.40960001e-07  0.00000000e+00 
 9.41960001e-07  0.00000000e+00 
 9.42960001e-07  0.00000000e+00 
 9.43960001e-07  0.00000000e+00 
 9.44960001e-07  0.00000000e+00 
 9.45960001e-07  0.00000000e+00 
 9.46960001e-07  0.00000000e+00 
 9.47960001e-07  0.00000000e+00 
 9.48960001e-07  0.00000000e+00 
 9.49960001e-07  0.00000000e+00 
 9.50960001e-07  0.00000000e+00 
 9.51960001e-07  0.00000000e+00 
 9.52960001e-07  0.00000000e+00 
 9.53960001e-07  0.00000000e+00 
 9.54960001e-07  0.00000000e+00 
 9.55960001e-07  0.00000000e+00 
 9.56960001e-07  0.00000000e+00 
 9.57960001e-07  0.00000000e+00 
 9.58960001e-07  0.00000000e+00 
 9.59960001e-07  0.00000000e+00 
 9.60960001e-07  0.00000000e+00 
 9.61960001e-07  0.00000000e+00 
 9.62960001e-07  0.00000000e+00 
 9.63960001e-07  0.00000000e+00 
 9.64960001e-07  0.00000000e+00 
 9.65960001e-07  0.00000000e+00 
 9.66960001e-07  0.00000000e+00 
 9.67960001e-07  0.00000000e+00 
 9.68960001e-07  0.00000000e+00 
 9.69960001e-07  0.00000000e+00 
 9.70960001e-07  0.00000000e+00 
 9.71960001e-07  0.00000000e+00 
 9.72960001e-07  0.00000000e+00 
 9.73960001e-07  0.00000000e+00 
 9.74960001e-07  0.00000000e+00 
 9.75960001e-07  0.00000000e+00 
 9.76960001e-07  0.00000000e+00 
 9.77960001e-07  0.00000000e+00 
 9.78960001e-07  0.00000000e+00 
 9.79960001e-07  0.00000000e+00 
 9.80960001e-07  0.00000000e+00 
 9.81960001e-07  0.00000000e+00 
 9.82960001e-07  0.00000000e+00 
 9.83960001e-07  0.00000000e+00 
 9.84960001e-07  0.00000000e+00 
 9.85960001e-07  0.00000000e+00 
 9.86960001e-07  0.00000000e+00 
 9.87960001e-07  0.00000000e+00 
 9.88960001e-07  0.00000000e+00 
 9.89960001e-07  0.00000000e+00 
 9.90960001e-07  0.00000000e+00 
 9.91960001e-07  0.00000000e+00 
 9.92960001e-07  0.00000000e+00 
 9.93960001e-07  0.00000000e+00 
 9.94960001e-07  0.00000000e+00 
 9.95960001e-07  0.00000000e+00 
 9.96960001e-07  0.00000000e+00 
 9.97960001e-07  0.00000000e+00 
 9.98960001e-07  0.00000000e+00 
 9.99960001e-07  0.00000000e+00 
 1.00000000e-06  0.00000000e+00 
 1.00008000e-06  0.00000000e+00 
 1.00024000e-06  0.00000000e+00 
 1.00055999e-06  0.00000000e+00 
 1.00100000e-06  0.00000000e+00 
 1.00106400e-06  0.00000000e+00 
 1.00119200e-06  0.00000000e+00 
 1.00144799e-06  0.00000000e+00 
 1.00195998e-06  0.00000000e+00 
 1.00200000e-06  0.00000000e+00 
 1.00208004e-06  0.00000000e+00 
 1.00224011e-06  0.00000000e+00 
 1.00230000e-06  0.00000000e+00 
 1.00233201e-06  5.76259676e-01 
 1.00239604e-06  1.72877903e+00 
 1.00252410e-06  1.80000000e+00 
 1.00278022e-06  1.80000000e+00 
 1.00329245e-06  1.80000000e+00 
 1.00429245e-06  1.80000000e+00 
 1.00529245e-06  1.80000000e+00 
 1.00629245e-06  1.80000000e+00 
 1.00729245e-06  1.80000000e+00 
 1.00829245e-06  1.80000000e+00 
 1.00929245e-06  1.80000000e+00 
 1.01029245e-06  1.80000000e+00 
 1.01129245e-06  1.80000000e+00 
 1.01229245e-06  1.80000000e+00 
 1.01329245e-06  1.80000000e+00 
 1.01429245e-06  1.80000000e+00 
 1.01529245e-06  1.80000000e+00 
 1.01629245e-06  1.80000000e+00 
 1.01729245e-06  1.80000000e+00 
 1.01829245e-06  1.80000000e+00 
 1.01929245e-06  1.80000000e+00 
 1.02029245e-06  1.80000000e+00 
 1.02129245e-06  1.80000000e+00 
 1.02229245e-06  1.80000000e+00 
 1.02329245e-06  1.80000000e+00 
 1.02429245e-06  1.80000000e+00 
 1.02529245e-06  1.80000000e+00 
 1.02629245e-06  1.80000000e+00 
 1.02729245e-06  1.80000000e+00 
 1.02829245e-06  1.80000000e+00 
 1.02929245e-06  1.80000000e+00 
 1.03029245e-06  1.80000000e+00 
 1.03129245e-06  1.80000000e+00 
 1.03229245e-06  1.80000000e+00 
 1.03329245e-06  1.80000000e+00 
 1.03429245e-06  1.80000000e+00 
 1.03529245e-06  1.80000000e+00 
 1.03629245e-06  1.80000000e+00 
 1.03729245e-06  1.80000000e+00 
 1.03829245e-06  1.80000000e+00 
 1.03929245e-06  1.80000000e+00 
 1.04029245e-06  1.80000000e+00 
 1.04129245e-06  1.80000000e+00 
 1.04229245e-06  1.80000000e+00 
 1.04329245e-06  1.80000000e+00 
 1.04429245e-06  1.80000000e+00 
 1.04529245e-06  1.80000000e+00 
 1.04629245e-06  1.80000000e+00 
 1.04729245e-06  1.80000000e+00 
 1.04829245e-06  1.80000000e+00 
 1.04929245e-06  1.80000000e+00 
 1.05029245e-06  1.80000000e+00 
 1.05129245e-06  1.80000000e+00 
 1.05229245e-06  1.80000000e+00 
 1.05329245e-06  1.80000000e+00 
 1.05429245e-06  1.80000000e+00 
 1.05529245e-06  1.80000000e+00 
 1.05629245e-06  1.80000000e+00 
 1.05729245e-06  1.80000000e+00 
 1.05829245e-06  1.80000000e+00 
 1.05929245e-06  1.80000000e+00 
 1.06029245e-06  1.80000000e+00 
 1.06129245e-06  1.80000000e+00 
 1.06229245e-06  1.80000000e+00 
 1.06329245e-06  1.80000000e+00 
 1.06429245e-06  1.80000000e+00 
 1.06529245e-06  1.80000000e+00 
 1.06629245e-06  1.80000000e+00 
 1.06729245e-06  1.80000000e+00 
 1.06829245e-06  1.80000000e+00 
 1.06929245e-06  1.80000000e+00 
 1.07029245e-06  1.80000000e+00 
 1.07129245e-06  1.80000000e+00 
 1.07229245e-06  1.80000000e+00 
 1.07329245e-06  1.80000000e+00 
 1.07429245e-06  1.80000000e+00 
 1.07529245e-06  1.80000000e+00 
 1.07629245e-06  1.80000000e+00 
 1.07729245e-06  1.80000000e+00 
 1.07829245e-06  1.80000000e+00 
 1.07929245e-06  1.80000000e+00 
 1.08029245e-06  1.80000000e+00 
 1.08129245e-06  1.80000000e+00 
 1.08229245e-06  1.80000000e+00 
 1.08329245e-06  1.80000000e+00 
 1.08429245e-06  1.80000000e+00 
 1.08529245e-06  1.80000000e+00 
 1.08629245e-06  1.80000000e+00 
 1.08729245e-06  1.80000000e+00 
 1.08829245e-06  1.80000000e+00 
 1.08929245e-06  1.80000000e+00 
 1.09029245e-06  1.80000000e+00 
 1.09129245e-06  1.80000000e+00 
 1.09229245e-06  1.80000000e+00 
 1.09329245e-06  1.80000000e+00 
 1.09429245e-06  1.80000000e+00 
 1.09529245e-06  1.80000000e+00 
 1.09629245e-06  1.80000000e+00 
 1.09729245e-06  1.80000000e+00 
 1.09829245e-06  1.80000000e+00 
 1.09929245e-06  1.80000000e+00 
 1.10029245e-06  1.80000000e+00 
 1.10129245e-06  1.80000000e+00 
 1.10229245e-06  1.80000000e+00 
 1.10329245e-06  1.80000000e+00 
 1.10429245e-06  1.80000000e+00 
 1.10529245e-06  1.80000000e+00 
 1.10629245e-06  1.80000000e+00 
 1.10729245e-06  1.80000000e+00 
 1.10829245e-06  1.80000000e+00 
 1.10929245e-06  1.80000000e+00 
 1.11029245e-06  1.80000000e+00 
 1.11129245e-06  1.80000000e+00 
 1.11229245e-06  1.80000000e+00 
 1.11329245e-06  1.80000000e+00 
 1.11429245e-06  1.80000000e+00 
 1.11529245e-06  1.80000000e+00 
 1.11629245e-06  1.80000000e+00 
 1.11729245e-06  1.80000000e+00 
 1.11829245e-06  1.80000000e+00 
 1.11929245e-06  1.80000000e+00 
 1.12029245e-06  1.80000000e+00 
 1.12129245e-06  1.80000000e+00 
 1.12229245e-06  1.80000000e+00 
 1.12329245e-06  1.80000000e+00 
 1.12429245e-06  1.80000000e+00 
 1.12529245e-06  1.80000000e+00 
 1.12600000e-06  1.80000000e+00 
 1.12610000e-06  1.80000000e+00 
 1.12630000e-06  1.80000000e+00 
 1.12670000e-06  1.80000000e+00 
 1.12700000e-06  1.80000000e+00 
 1.12708000e-06  1.80000000e+00 
 1.12724000e-06  1.80000000e+00 
 1.12756000e-06  1.80000000e+00 
 1.12820000e-06  1.80000000e+00 
 1.12920000e-06  1.80000000e+00 
 1.13020000e-06  1.80000000e+00 
 1.13120000e-06  1.80000000e+00 
 1.13220000e-06  1.80000000e+00 
 1.13320000e-06  1.80000000e+00 
 1.13420000e-06  1.80000000e+00 
 1.13520000e-06  1.80000000e+00 
 1.13620000e-06  1.80000000e+00 
 1.13720000e-06  1.80000000e+00 
 1.13820000e-06  1.80000000e+00 
 1.13920000e-06  1.80000000e+00 
 1.14020000e-06  1.80000000e+00 
 1.14120000e-06  1.80000000e+00 
 1.14220000e-06  1.80000000e+00 
 1.14320000e-06  1.80000000e+00 
 1.14420000e-06  1.80000000e+00 
 1.14520000e-06  1.80000000e+00 
 1.14620000e-06  1.80000000e+00 
 1.14720000e-06  1.80000000e+00 
 1.14820000e-06  1.80000000e+00 
 1.14920000e-06  1.80000000e+00 
 1.15020000e-06  1.80000000e+00 
 1.15120000e-06  1.80000000e+00 
 1.15220000e-06  1.80000000e+00 
 1.15320000e-06  1.80000000e+00 
 1.15420000e-06  1.80000000e+00 
 1.15520000e-06  1.80000000e+00 
 1.15620000e-06  1.80000000e+00 
 1.15720000e-06  1.80000000e+00 
 1.15820000e-06  1.80000000e+00 
 1.15920000e-06  1.80000000e+00 
 1.16020000e-06  1.80000000e+00 
 1.16120000e-06  1.80000000e+00 
 1.16220000e-06  1.80000000e+00 
 1.16320000e-06  1.80000000e+00 
 1.16420000e-06  1.80000000e+00 
 1.16520000e-06  1.80000000e+00 
 1.16620000e-06  1.80000000e+00 
 1.16720000e-06  1.80000000e+00 
 1.16820000e-06  1.80000000e+00 
 1.16920000e-06  1.80000000e+00 
 1.17020000e-06  1.80000000e+00 
 1.17120000e-06  1.80000000e+00 
 1.17220000e-06  1.80000000e+00 
 1.17320000e-06  1.80000000e+00 
 1.17420000e-06  1.80000000e+00 
 1.17520000e-06  1.80000000e+00 
 1.17620000e-06  1.80000000e+00 
 1.17720000e-06  1.80000000e+00 
 1.17820000e-06  1.80000000e+00 
 1.17920000e-06  1.80000000e+00 
 1.18020000e-06  1.80000000e+00 
 1.18120000e-06  1.80000000e+00 
 1.18220000e-06  1.80000000e+00 
 1.18320000e-06  1.80000000e+00 
 1.18420000e-06  1.80000000e+00 
 1.18520000e-06  1.80000000e+00 
 1.18620000e-06  1.80000000e+00 
 1.18720000e-06  1.80000000e+00 
 1.18820000e-06  1.80000000e+00 
 1.18920000e-06  1.80000000e+00 
 1.19020000e-06  1.80000000e+00 
 1.19120000e-06  1.80000000e+00 
 1.19220000e-06  1.80000000e+00 
 1.19320000e-06  1.80000000e+00 
 1.19420000e-06  1.80000000e+00 
 1.19520000e-06  1.80000000e+00 
 1.19620000e-06  1.80000000e+00 
 1.19720000e-06  1.80000000e+00 
 1.19820000e-06  1.80000000e+00 
 1.19920000e-06  1.80000000e+00 
 1.20020000e-06  1.80000000e+00 
 1.20120000e-06  1.80000000e+00 
 1.20220000e-06  1.80000000e+00 
 1.20320000e-06  1.80000000e+00 
 1.20420000e-06  1.80000000e+00 
 1.20520000e-06  1.80000000e+00 
 1.20620000e-06  1.80000000e+00 
 1.20720000e-06  1.80000000e+00 
 1.20820000e-06  1.80000000e+00 
 1.20920000e-06  1.80000000e+00 
 1.21020000e-06  1.80000000e+00 
 1.21120000e-06  1.80000000e+00 
 1.21220000e-06  1.80000000e+00 
 1.21320000e-06  1.80000000e+00 
 1.21420000e-06  1.80000000e+00 
 1.21520000e-06  1.80000000e+00 
 1.21620000e-06  1.80000000e+00 
 1.21720000e-06  1.80000000e+00 
 1.21820000e-06  1.80000000e+00 
 1.21920000e-06  1.80000000e+00 
 1.22020000e-06  1.80000000e+00 
 1.22120000e-06  1.80000000e+00 
 1.22220000e-06  1.80000000e+00 
 1.22320000e-06  1.80000000e+00 
 1.22420000e-06  1.80000000e+00 
 1.22520000e-06  1.80000000e+00 
 1.22620000e-06  1.80000000e+00 
 1.22720000e-06  1.80000000e+00 
 1.22820000e-06  1.80000000e+00 
 1.22920000e-06  1.80000000e+00 
 1.23020000e-06  1.80000000e+00 
 1.23120000e-06  1.80000000e+00 
 1.23220000e-06  1.80000000e+00 
 1.23320000e-06  1.80000000e+00 
 1.23420000e-06  1.80000000e+00 
 1.23520000e-06  1.80000000e+00 
 1.23620000e-06  1.80000000e+00 
 1.23720000e-06  1.80000000e+00 
 1.23820000e-06  1.80000000e+00 
 1.23920000e-06  1.80000000e+00 
 1.24020000e-06  1.80000000e+00 
 1.24120000e-06  1.80000000e+00 
 1.24220000e-06  1.80000000e+00 
 1.24320000e-06  1.80000000e+00 
 1.24420000e-06  1.80000000e+00 
 1.24520000e-06  1.80000000e+00 
 1.24620000e-06  1.80000000e+00 
 1.24720000e-06  1.80000000e+00 
 1.24820000e-06  1.80000000e+00 
 1.24920000e-06  1.80000000e+00 
 1.25020000e-06  1.80000000e+00 
 1.25120000e-06  1.80000000e+00 
 1.25220000e-06  1.80000000e+00 
 1.25320000e-06  1.80000000e+00 
 1.25420000e-06  1.80000000e+00 
 1.25520000e-06  1.80000000e+00 
 1.25620000e-06  1.80000000e+00 
 1.25720000e-06  1.80000000e+00 
 1.25820000e-06  1.80000000e+00 
 1.25920000e-06  1.80000000e+00 
 1.26020000e-06  1.80000000e+00 
 1.26120000e-06  1.80000000e+00 
 1.26220000e-06  1.80000000e+00 
 1.26320000e-06  1.80000000e+00 
 1.26420000e-06  1.80000000e+00 
 1.26520000e-06  1.80000000e+00 
 1.26620000e-06  1.80000000e+00 
 1.26720000e-06  1.80000000e+00 
 1.26820000e-06  1.80000000e+00 
 1.26920000e-06  1.80000000e+00 
 1.27020000e-06  1.80000000e+00 
 1.27120000e-06  1.80000000e+00 
 1.27220000e-06  1.80000000e+00 
 1.27320000e-06  1.80000000e+00 
 1.27420000e-06  1.80000000e+00 
 1.27520000e-06  1.80000000e+00 
 1.27620000e-06  1.80000000e+00 
 1.27720000e-06  1.80000000e+00 
 1.27820000e-06  1.80000000e+00 
 1.27920000e-06  1.80000000e+00 
 1.28020000e-06  1.80000000e+00 
 1.28120000e-06  1.80000000e+00 
 1.28220000e-06  1.80000000e+00 
 1.28320000e-06  1.80000000e+00 
 1.28420000e-06  1.80000000e+00 
 1.28520000e-06  1.80000000e+00 
 1.28620000e-06  1.80000000e+00 
 1.28720000e-06  1.80000000e+00 
 1.28820000e-06  1.80000000e+00 
 1.28920000e-06  1.80000000e+00 
 1.29020000e-06  1.80000000e+00 
 1.29120000e-06  1.80000000e+00 
 1.29220000e-06  1.80000000e+00 
 1.29320000e-06  1.80000000e+00 
 1.29420000e-06  1.80000000e+00 
 1.29520000e-06  1.80000000e+00 
 1.29620000e-06  1.80000000e+00 
 1.29720000e-06  1.80000000e+00 
 1.29820000e-06  1.80000000e+00 
 1.29920000e-06  1.80000000e+00 
 1.30020000e-06  1.80000000e+00 
 1.30120000e-06  1.80000000e+00 
 1.30220000e-06  1.80000000e+00 
 1.30320000e-06  1.80000000e+00 
 1.30420000e-06  1.80000000e+00 
 1.30520000e-06  1.80000000e+00 
 1.30620000e-06  1.80000000e+00 
 1.30720000e-06  1.80000000e+00 
 1.30820000e-06  1.80000000e+00 
 1.30920000e-06  1.80000000e+00 
 1.31020000e-06  1.80000000e+00 
 1.31120000e-06  1.80000000e+00 
 1.31220000e-06  1.80000000e+00 
 1.31320000e-06  1.80000000e+00 
 1.31420000e-06  1.80000000e+00 
 1.31520000e-06  1.80000000e+00 
 1.31620000e-06  1.80000000e+00 
 1.31720000e-06  1.80000000e+00 
 1.31820000e-06  1.80000000e+00 
 1.31920000e-06  1.80000000e+00 
 1.32020000e-06  1.80000000e+00 
 1.32120000e-06  1.80000000e+00 
 1.32220000e-06  1.80000000e+00 
 1.32320000e-06  1.80000000e+00 
 1.32420000e-06  1.80000000e+00 
 1.32520000e-06  1.80000000e+00 
 1.32620000e-06  1.80000000e+00 
 1.32720000e-06  1.80000000e+00 
 1.32820000e-06  1.80000000e+00 
 1.32920000e-06  1.80000000e+00 
 1.33020000e-06  1.80000000e+00 
 1.33120000e-06  1.80000000e+00 
 1.33220000e-06  1.80000000e+00 
 1.33320000e-06  1.80000000e+00 
 1.33420000e-06  1.80000000e+00 
 1.33520000e-06  1.80000000e+00 
 1.33620000e-06  1.80000000e+00 
 1.33720000e-06  1.80000000e+00 
 1.33820000e-06  1.80000000e+00 
 1.33920000e-06  1.80000000e+00 
 1.34020000e-06  1.80000000e+00 
 1.34120000e-06  1.80000000e+00 
 1.34220000e-06  1.80000000e+00 
 1.34320000e-06  1.80000000e+00 
 1.34420000e-06  1.80000000e+00 
 1.34520000e-06  1.80000000e+00 
 1.34620000e-06  1.80000000e+00 
 1.34720000e-06  1.80000000e+00 
 1.34820000e-06  1.80000000e+00 
 1.34920000e-06  1.80000000e+00 
 1.35020000e-06  1.80000000e+00 
 1.35120000e-06  1.80000000e+00 
 1.35220000e-06  1.80000000e+00 
 1.35320000e-06  1.80000000e+00 
 1.35420000e-06  1.80000000e+00 
 1.35520000e-06  1.80000000e+00 
 1.35620000e-06  1.80000000e+00 
 1.35720000e-06  1.80000000e+00 
 1.35820000e-06  1.80000000e+00 
 1.35920000e-06  1.80000000e+00 
 1.36020000e-06  1.80000000e+00 
 1.36120000e-06  1.80000000e+00 
 1.36220000e-06  1.80000000e+00 
 1.36320000e-06  1.80000000e+00 
 1.36420000e-06  1.80000000e+00 
 1.36520000e-06  1.80000000e+00 
 1.36620000e-06  1.80000000e+00 
 1.36720000e-06  1.80000000e+00 
 1.36820000e-06  1.80000000e+00 
 1.36920000e-06  1.80000000e+00 
 1.37020000e-06  1.80000000e+00 
 1.37120000e-06  1.80000000e+00 
 1.37220000e-06  1.80000000e+00 
 1.37320000e-06  1.80000000e+00 
 1.37420000e-06  1.80000000e+00 
 1.37520000e-06  1.80000000e+00 
 1.37620000e-06  1.80000000e+00 
 1.37720000e-06  1.80000000e+00 
 1.37820000e-06  1.80000000e+00 
 1.37920000e-06  1.80000000e+00 
 1.38020000e-06  1.80000000e+00 
 1.38120000e-06  1.80000000e+00 
 1.38220000e-06  1.80000000e+00 
 1.38320000e-06  1.80000000e+00 
 1.38420000e-06  1.80000000e+00 
 1.38520000e-06  1.80000000e+00 
 1.38620000e-06  1.80000000e+00 
 1.38720000e-06  1.80000000e+00 
 1.38820000e-06  1.80000000e+00 
 1.38920000e-06  1.80000000e+00 
 1.39020000e-06  1.80000000e+00 
 1.39120000e-06  1.80000000e+00 
 1.39220000e-06  1.80000000e+00 
 1.39320000e-06  1.80000000e+00 
 1.39420000e-06  1.80000000e+00 
 1.39520000e-06  1.80000000e+00 
 1.39620000e-06  1.80000000e+00 
 1.39720000e-06  1.80000000e+00 
 1.39820000e-06  1.80000000e+00 
 1.39920000e-06  1.80000000e+00 
 1.40020000e-06  1.80000000e+00 
 1.40120000e-06  1.80000000e+00 
 1.40220000e-06  1.80000000e+00 
 1.40320000e-06  1.80000000e+00 
 1.40420000e-06  1.80000000e+00 
 1.40520000e-06  1.80000000e+00 
 1.40620000e-06  1.80000000e+00 
 1.40720000e-06  1.80000000e+00 
 1.40820000e-06  1.80000000e+00 
 1.40920000e-06  1.80000000e+00 
 1.41020000e-06  1.80000000e+00 
 1.41120000e-06  1.80000000e+00 
 1.41220000e-06  1.80000000e+00 
 1.41320000e-06  1.80000000e+00 
 1.41420000e-06  1.80000000e+00 
 1.41520000e-06  1.80000000e+00 
 1.41620000e-06  1.80000000e+00 
 1.41720000e-06  1.80000000e+00 
 1.41820000e-06  1.80000000e+00 
 1.41920000e-06  1.80000000e+00 
 1.42020000e-06  1.80000000e+00 
 1.42120000e-06  1.80000000e+00 
 1.42220000e-06  1.80000000e+00 
 1.42320000e-06  1.80000000e+00 
 1.42420000e-06  1.80000000e+00 
 1.42520000e-06  1.80000000e+00 
 1.42620000e-06  1.80000000e+00 
 1.42720000e-06  1.80000000e+00 
 1.42820000e-06  1.80000000e+00 
 1.42920000e-06  1.80000000e+00 
 1.43020000e-06  1.80000000e+00 
 1.43120000e-06  1.80000000e+00 
 1.43220000e-06  1.80000000e+00 
 1.43320000e-06  1.80000000e+00 
 1.43420000e-06  1.80000000e+00 
 1.43520000e-06  1.80000000e+00 
 1.43620000e-06  1.80000000e+00 
 1.43720000e-06  1.80000000e+00 
 1.43820000e-06  1.80000000e+00 
 1.43920000e-06  1.80000000e+00 
 1.44020000e-06  1.80000000e+00 
 1.44120000e-06  1.80000000e+00 
 1.44220000e-06  1.80000000e+00 
 1.44320000e-06  1.80000000e+00 
 1.44420000e-06  1.80000000e+00 
 1.44520000e-06  1.80000000e+00 
 1.44620000e-06  1.80000000e+00 
 1.44720000e-06  1.80000000e+00 
 1.44820000e-06  1.80000000e+00 
 1.44920000e-06  1.80000000e+00 
 1.45020000e-06  1.80000000e+00 
 1.45120000e-06  1.80000000e+00 
 1.45220000e-06  1.80000000e+00 
 1.45320000e-06  1.80000000e+00 
 1.45420000e-06  1.80000000e+00 
 1.45520000e-06  1.80000000e+00 
 1.45620000e-06  1.80000000e+00 
 1.45720000e-06  1.80000000e+00 
 1.45820000e-06  1.80000000e+00 
 1.45920000e-06  1.80000000e+00 
 1.46020000e-06  1.80000000e+00 
 1.46120000e-06  1.80000000e+00 
 1.46220000e-06  1.80000000e+00 
 1.46320000e-06  1.80000000e+00 
 1.46420000e-06  1.80000000e+00 
 1.46520000e-06  1.80000000e+00 
 1.46620000e-06  1.80000000e+00 
 1.46720000e-06  1.80000000e+00 
 1.46820000e-06  1.80000000e+00 
 1.46920000e-06  1.80000000e+00 
 1.47020000e-06  1.80000000e+00 
 1.47120000e-06  1.80000000e+00 
 1.47220000e-06  1.80000000e+00 
 1.47320000e-06  1.80000000e+00 
 1.47420000e-06  1.80000000e+00 
 1.47520000e-06  1.80000000e+00 
 1.47620000e-06  1.80000000e+00 
 1.47720000e-06  1.80000000e+00 
 1.47820000e-06  1.80000000e+00 
 1.47920000e-06  1.80000000e+00 
 1.48020000e-06  1.80000000e+00 
 1.48120000e-06  1.80000000e+00 
 1.48220000e-06  1.80000000e+00 
 1.48320000e-06  1.80000000e+00 
 1.48420000e-06  1.80000000e+00 
 1.48520000e-06  1.80000000e+00 
 1.48620000e-06  1.80000000e+00 
 1.48720000e-06  1.80000000e+00 
 1.48820000e-06  1.80000000e+00 
 1.48920000e-06  1.80000000e+00 
 1.49020000e-06  1.80000000e+00 
 1.49100000e-06  1.80000000e+00 
 1.49110000e-06  1.80000000e+00 
 1.49130000e-06  1.80000000e+00 
 1.49170000e-06  1.80000000e+00 
 1.49200000e-06  1.80000000e+00 
 1.49208000e-06  1.80000000e+00 
 1.49224000e-06  1.80000000e+00 
 1.49256000e-06  1.80000000e+00 
 1.49320000e-06  1.80000000e+00 
 1.49420000e-06  1.80000000e+00 
 1.49520000e-06  1.80000000e+00 
 1.49620000e-06  1.80000000e+00 
 1.49720000e-06  1.80000000e+00 
 1.49820000e-06  1.80000000e+00 
 1.49920000e-06  1.80000000e+00 
 1.50000000e-06  1.80000000e+00 
 1.50010000e-06  1.80000000e+00 
 1.50030000e-06  1.80000000e+00 
 1.50070000e-06  1.80000000e+00 
 1.50100000e-06  1.80000000e+00 
 1.50108000e-06  1.80000000e+00 
 1.50124000e-06  1.80000000e+00 
 1.50156000e-06  1.80000000e+00 
 1.50220000e-06  1.80000000e+00 
 1.50320000e-06  1.80000000e+00 
 1.50420000e-06  1.80000000e+00 
 1.50520000e-06  1.80000000e+00 
 1.50620000e-06  1.80000000e+00 
 1.50720000e-06  1.80000000e+00 
 1.50820000e-06  1.80000000e+00 
 1.50920000e-06  1.80000000e+00 
 1.51000000e-06  1.80000000e+00 
 1.51010000e-06  1.80000000e+00 
 1.51030000e-06  1.80000000e+00 
 1.51070000e-06  1.80000000e+00 
 1.51100000e-06  1.80000000e+00 
 1.51108000e-06  1.80000000e+00 
 1.51124000e-06  1.80000000e+00 
 1.51156000e-06  1.80000000e+00 
 1.51185000e-06  1.80000000e+00 
 1.51191400e-06  6.48000000e-01 
 1.51204200e-06  0.00000000e+00 
 1.51229800e-06  0.00000000e+00 
 1.51281000e-06  0.00000000e+00 
 1.51381000e-06  0.00000000e+00 
 1.51481000e-06  0.00000000e+00 
 1.51581000e-06  0.00000000e+00 
 1.51681000e-06  0.00000000e+00 
 1.51781000e-06  0.00000000e+00 
 1.51881000e-06  0.00000000e+00 
 1.51981000e-06  0.00000000e+00 
 1.52081000e-06  0.00000000e+00 
 1.52181000e-06  0.00000000e+00 
 1.52281000e-06  0.00000000e+00 
 1.52381000e-06  0.00000000e+00 
 1.52481000e-06  0.00000000e+00 
 1.52581000e-06  0.00000000e+00 
 1.52681000e-06  0.00000000e+00 
 1.52781000e-06  0.00000000e+00 
 1.52881000e-06  0.00000000e+00 
 1.52981000e-06  0.00000000e+00 
 1.53081000e-06  0.00000000e+00 
 1.53181000e-06  0.00000000e+00 
 1.53281000e-06  0.00000000e+00 
 1.53381000e-06  0.00000000e+00 
 1.53481000e-06  0.00000000e+00 
 1.53581000e-06  0.00000000e+00 
 1.53681000e-06  0.00000000e+00 
 1.53781000e-06  0.00000000e+00 
 1.53881000e-06  0.00000000e+00 
 1.53981000e-06  0.00000000e+00 
 1.54081000e-06  0.00000000e+00 
 1.54181000e-06  0.00000000e+00 
 1.54281000e-06  0.00000000e+00 
 1.54381000e-06  0.00000000e+00 
 1.54481000e-06  0.00000000e+00 
 1.54581000e-06  0.00000000e+00 
 1.54681000e-06  0.00000000e+00 
 1.54781000e-06  0.00000000e+00 
 1.54881000e-06  0.00000000e+00 
 1.54981000e-06  0.00000000e+00 
 1.55081000e-06  0.00000000e+00 
 1.55181000e-06  0.00000000e+00 
 1.55281000e-06  0.00000000e+00 
 1.55381000e-06  0.00000000e+00 
 1.55481000e-06  0.00000000e+00 
 1.55581000e-06  0.00000000e+00 
 1.55681000e-06  0.00000000e+00 
 1.55781000e-06  0.00000000e+00 
 1.55881000e-06  0.00000000e+00 
 1.55981000e-06  0.00000000e+00 
 1.56081000e-06  0.00000000e+00 
 1.56181000e-06  0.00000000e+00 
 1.56281000e-06  0.00000000e+00 
 1.56381000e-06  0.00000000e+00 
 1.56481000e-06  0.00000000e+00 
 1.56581000e-06  0.00000000e+00 
 1.56681000e-06  0.00000000e+00 
 1.56781000e-06  0.00000000e+00 
 1.56881000e-06  0.00000000e+00 
 1.56981000e-06  0.00000000e+00 
 1.57081000e-06  0.00000000e+00 
 1.57181000e-06  0.00000000e+00 
 1.57281000e-06  0.00000000e+00 
 1.57381000e-06  0.00000000e+00 
 1.57481000e-06  0.00000000e+00 
 1.57581000e-06  0.00000000e+00 
 1.57681000e-06  0.00000000e+00 
 1.57781000e-06  0.00000000e+00 
 1.57881000e-06  0.00000000e+00 
 1.57981000e-06  0.00000000e+00 
 1.58081000e-06  0.00000000e+00 
 1.58181000e-06  0.00000000e+00 
 1.58281000e-06  0.00000000e+00 
 1.58381000e-06  0.00000000e+00 
 1.58481000e-06  0.00000000e+00 
 1.58581000e-06  0.00000000e+00 
 1.58681000e-06  0.00000000e+00 
 1.58781000e-06  0.00000000e+00 
 1.58881000e-06  0.00000000e+00 
 1.58981000e-06  0.00000000e+00 
 1.59081000e-06  0.00000000e+00 
 1.59181000e-06  0.00000000e+00 
 1.59281000e-06  0.00000000e+00 
 1.59381000e-06  0.00000000e+00 
 1.59481000e-06  0.00000000e+00 
 1.59581000e-06  0.00000000e+00 
 1.59681000e-06  0.00000000e+00 
 1.59781000e-06  0.00000000e+00 
 1.59881000e-06  0.00000000e+00 
 1.59981000e-06  0.00000000e+00 
 1.60081000e-06  0.00000000e+00 
 1.60181000e-06  0.00000000e+00 
 1.60281000e-06  0.00000000e+00 
 1.60381000e-06  0.00000000e+00 
 1.60481000e-06  0.00000000e+00 
 1.60581000e-06  0.00000000e+00 
 1.60681000e-06  0.00000000e+00 
 1.60781000e-06  0.00000000e+00 
 1.60881000e-06  0.00000000e+00 
 1.60981000e-06  0.00000000e+00 
 1.61081000e-06  0.00000000e+00 
 1.61181000e-06  0.00000000e+00 
 1.61281000e-06  0.00000000e+00 
 1.61381000e-06  0.00000000e+00 
 1.61481000e-06  0.00000000e+00 
 1.61581000e-06  0.00000000e+00 
 1.61681000e-06  0.00000000e+00 
 1.61781000e-06  0.00000000e+00 
 1.61881000e-06  0.00000000e+00 
 1.61981000e-06  0.00000000e+00 
 1.62081000e-06  0.00000000e+00 
 1.62181000e-06  0.00000000e+00 
 1.62281000e-06  0.00000000e+00 
 1.62381000e-06  0.00000000e+00 
 1.62481000e-06  0.00000000e+00 
 1.62581000e-06  0.00000000e+00 
 1.62681000e-06  0.00000000e+00 
 1.62781000e-06  0.00000000e+00 
 1.62881000e-06  0.00000000e+00 
 1.62981000e-06  0.00000000e+00 
 1.63081000e-06  0.00000000e+00 
 1.63181000e-06  0.00000000e+00 
 1.63281000e-06  0.00000000e+00 
 1.63381000e-06  0.00000000e+00 
 1.63481000e-06  0.00000000e+00 
 1.63581000e-06  0.00000000e+00 
 1.63681000e-06  0.00000000e+00 
 1.63781000e-06  0.00000000e+00 
 1.63881000e-06  0.00000000e+00 
 1.63981000e-06  0.00000000e+00 
 1.64081000e-06  0.00000000e+00 
 1.64181000e-06  0.00000000e+00 
 1.64281000e-06  0.00000000e+00 
 1.64381000e-06  0.00000000e+00 
 1.64481000e-06  0.00000000e+00 
 1.64581000e-06  0.00000000e+00 
 1.64681000e-06  0.00000000e+00 
 1.64781000e-06  0.00000000e+00 
 1.64881000e-06  0.00000000e+00 
 1.64981000e-06  0.00000000e+00 
 1.65081000e-06  0.00000000e+00 
 1.65181000e-06  0.00000000e+00 
 1.65281000e-06  0.00000000e+00 
 1.65381000e-06  0.00000000e+00 
 1.65481000e-06  0.00000000e+00 
 1.65581000e-06  0.00000000e+00 
 1.65681000e-06  0.00000000e+00 
 1.65781000e-06  0.00000000e+00 
 1.65881000e-06  0.00000000e+00 
 1.65981000e-06  0.00000000e+00 
 1.66081000e-06  0.00000000e+00 
 1.66181000e-06  0.00000000e+00 
 1.66281000e-06  0.00000000e+00 
 1.66381000e-06  0.00000000e+00 
 1.66481000e-06  0.00000000e+00 
 1.66581000e-06  0.00000000e+00 
 1.66681000e-06  0.00000000e+00 
 1.66781000e-06  0.00000000e+00 
 1.66881000e-06  0.00000000e+00 
 1.66981000e-06  0.00000000e+00 
 1.67081000e-06  0.00000000e+00 
 1.67181000e-06  0.00000000e+00 
 1.67281000e-06  0.00000000e+00 
 1.67381000e-06  0.00000000e+00 
 1.67481000e-06  0.00000000e+00 
 1.67581000e-06  0.00000000e+00 
 1.67681000e-06  0.00000000e+00 
 1.67781000e-06  0.00000000e+00 
 1.67881000e-06  0.00000000e+00 
 1.67981000e-06  0.00000000e+00 
 1.68081000e-06  0.00000000e+00 
 1.68181000e-06  0.00000000e+00 
 1.68281000e-06  0.00000000e+00 
 1.68381000e-06  0.00000000e+00 
 1.68481000e-06  0.00000000e+00 
 1.68581000e-06  0.00000000e+00 
 1.68681000e-06  0.00000000e+00 
 1.68781000e-06  0.00000000e+00 
 1.68881000e-06  0.00000000e+00 
 1.68981000e-06  0.00000000e+00 
 1.69081000e-06  0.00000000e+00 
 1.69181000e-06  0.00000000e+00 
 1.69281000e-06  0.00000000e+00 
 1.69381000e-06  0.00000000e+00 
 1.69481000e-06  0.00000000e+00 
 1.69581000e-06  0.00000000e+00 
 1.69681000e-06  0.00000000e+00 
 1.69781000e-06  0.00000000e+00 
 1.69881000e-06  0.00000000e+00 
 1.69981000e-06  0.00000000e+00 
 1.70081000e-06  0.00000000e+00 
 1.70181000e-06  0.00000000e+00 
 1.70281000e-06  0.00000000e+00 
 1.70381000e-06  0.00000000e+00 
 1.70481000e-06  0.00000000e+00 
 1.70581000e-06  0.00000000e+00 
 1.70681000e-06  0.00000000e+00 
 1.70781000e-06  0.00000000e+00 
 1.70881000e-06  0.00000000e+00 
 1.70981000e-06  0.00000000e+00 
 1.71081000e-06  0.00000000e+00 
 1.71181000e-06  0.00000000e+00 
 1.71281000e-06  0.00000000e+00 
 1.71381000e-06  0.00000000e+00 
 1.71481000e-06  0.00000000e+00 
 1.71581000e-06  0.00000000e+00 
 1.71681000e-06  0.00000000e+00 
 1.71781000e-06  0.00000000e+00 
 1.71881000e-06  0.00000000e+00 
 1.71981000e-06  0.00000000e+00 
 1.72081000e-06  0.00000000e+00 
 1.72181000e-06  0.00000000e+00 
 1.72281000e-06  0.00000000e+00 
 1.72381000e-06  0.00000000e+00 
 1.72481000e-06  0.00000000e+00 
 1.72581000e-06  0.00000000e+00 
 1.72681000e-06  0.00000000e+00 
 1.72781000e-06  0.00000000e+00 
 1.72881000e-06  0.00000000e+00 
 1.72981000e-06  0.00000000e+00 
 1.73081000e-06  0.00000000e+00 
 1.73181000e-06  0.00000000e+00 
 1.73281000e-06  0.00000000e+00 
 1.73381000e-06  0.00000000e+00 
 1.73481000e-06  0.00000000e+00 
 1.73581000e-06  0.00000000e+00 
 1.73681000e-06  0.00000000e+00 
 1.73781000e-06  0.00000000e+00 
 1.73881000e-06  0.00000000e+00 
 1.73981000e-06  0.00000000e+00 
 1.74081000e-06  0.00000000e+00 
 1.74181000e-06  0.00000000e+00 
 1.74281000e-06  0.00000000e+00 
 1.74381000e-06  0.00000000e+00 
 1.74481000e-06  0.00000000e+00 
 1.74581000e-06  0.00000000e+00 
 1.74681000e-06  0.00000000e+00 
 1.74781000e-06  0.00000000e+00 
 1.74881000e-06  0.00000000e+00 
 1.74981000e-06  0.00000000e+00 
 1.75081000e-06  0.00000000e+00 
 1.75181000e-06  0.00000000e+00 
 1.75281000e-06  0.00000000e+00 
 1.75381000e-06  0.00000000e+00 
 1.75481000e-06  0.00000000e+00 
 1.75581000e-06  0.00000000e+00 
 1.75681000e-06  0.00000000e+00 
 1.75781000e-06  0.00000000e+00 
 1.75881000e-06  0.00000000e+00 
 1.75981000e-06  0.00000000e+00 
 1.76081000e-06  0.00000000e+00 
 1.76181000e-06  0.00000000e+00 
 1.76281000e-06  0.00000000e+00 
 1.76381000e-06  0.00000000e+00 
 1.76481000e-06  0.00000000e+00 
 1.76581000e-06  0.00000000e+00 
 1.76681000e-06  0.00000000e+00 
 1.76781000e-06  0.00000000e+00 
 1.76881000e-06  0.00000000e+00 
 1.76981000e-06  0.00000000e+00 
 1.77081000e-06  0.00000000e+00 
 1.77181000e-06  0.00000000e+00 
 1.77281000e-06  0.00000000e+00 
 1.77381000e-06  0.00000000e+00 
 1.77481000e-06  0.00000000e+00 
 1.77581000e-06  0.00000000e+00 
 1.77681000e-06  0.00000000e+00 
 1.77781000e-06  0.00000000e+00 
 1.77881000e-06  0.00000000e+00 
 1.77981000e-06  0.00000000e+00 
 1.78081000e-06  0.00000000e+00 
 1.78181000e-06  0.00000000e+00 
 1.78281000e-06  0.00000000e+00 
 1.78381000e-06  0.00000000e+00 
 1.78481000e-06  0.00000000e+00 
 1.78581000e-06  0.00000000e+00 
 1.78681000e-06  0.00000000e+00 
 1.78781000e-06  0.00000000e+00 
 1.78881000e-06  0.00000000e+00 
 1.78981000e-06  0.00000000e+00 
 1.79081000e-06  0.00000000e+00 
 1.79181000e-06  0.00000000e+00 
 1.79281000e-06  0.00000000e+00 
 1.79381000e-06  0.00000000e+00 
 1.79481000e-06  0.00000000e+00 
 1.79581000e-06  0.00000000e+00 
 1.79681000e-06  0.00000000e+00 
 1.79781000e-06  0.00000000e+00 
 1.79881000e-06  0.00000000e+00 
 1.79981000e-06  0.00000000e+00 
 1.80081000e-06  0.00000000e+00 
 1.80181000e-06  0.00000000e+00 
 1.80281000e-06  0.00000000e+00 
 1.80381000e-06  0.00000000e+00 
 1.80481000e-06  0.00000000e+00 
 1.80581000e-06  0.00000000e+00 
 1.80681000e-06  0.00000000e+00 
 1.80781000e-06  0.00000000e+00 
 1.80881000e-06  0.00000000e+00 
 1.80981000e-06  0.00000000e+00 
 1.81081000e-06  0.00000000e+00 
 1.81181000e-06  0.00000000e+00 
 1.81281000e-06  0.00000000e+00 
 1.81381000e-06  0.00000000e+00 
 1.81481000e-06  0.00000000e+00 
 1.81581000e-06  0.00000000e+00 
 1.81681000e-06  0.00000000e+00 
 1.81781000e-06  0.00000000e+00 
 1.81881000e-06  0.00000000e+00 
 1.81981000e-06  0.00000000e+00 
 1.82081000e-06  0.00000000e+00 
 1.82181000e-06  0.00000000e+00 
 1.82281000e-06  0.00000000e+00 
 1.82381000e-06  0.00000000e+00 
 1.82481000e-06  0.00000000e+00 
 1.82581000e-06  0.00000000e+00 
 1.82681000e-06  0.00000000e+00 
 1.82781000e-06  0.00000000e+00 
 1.82881000e-06  0.00000000e+00 
 1.82981000e-06  0.00000000e+00 
 1.83081000e-06  0.00000000e+00 
 1.83181000e-06  0.00000000e+00 
 1.83281000e-06  0.00000000e+00 
 1.83381000e-06  0.00000000e+00 
 1.83481000e-06  0.00000000e+00 
 1.83581000e-06  0.00000000e+00 
 1.83681000e-06  0.00000000e+00 
 1.83781000e-06  0.00000000e+00 
 1.83881000e-06  0.00000000e+00 
 1.83981000e-06  0.00000000e+00 
 1.84081000e-06  0.00000000e+00 
 1.84181000e-06  0.00000000e+00 
 1.84281000e-06  0.00000000e+00 
 1.84381000e-06  0.00000000e+00 
 1.84481000e-06  0.00000000e+00 
 1.84581000e-06  0.00000000e+00 
 1.84681000e-06  0.00000000e+00 
 1.84781000e-06  0.00000000e+00 
 1.84881000e-06  0.00000000e+00 
 1.84981000e-06  0.00000000e+00 
 1.85081000e-06  0.00000000e+00 
 1.85181000e-06  0.00000000e+00 
 1.85281000e-06  0.00000000e+00 
 1.85381000e-06  0.00000000e+00 
 1.85481000e-06  0.00000000e+00 
 1.85581000e-06  0.00000000e+00 
 1.85681000e-06  0.00000000e+00 
 1.85781000e-06  0.00000000e+00 
 1.85881000e-06  0.00000000e+00 
 1.85981000e-06  0.00000000e+00 
 1.86081000e-06  0.00000000e+00 
 1.86181000e-06  0.00000000e+00 
 1.86281000e-06  0.00000000e+00 
 1.86381000e-06  0.00000000e+00 
 1.86481000e-06  0.00000000e+00 
 1.86581000e-06  0.00000000e+00 
 1.86681000e-06  0.00000000e+00 
 1.86781000e-06  0.00000000e+00 
 1.86881000e-06  0.00000000e+00 
 1.86981000e-06  0.00000000e+00 
 1.87081000e-06  0.00000000e+00 
 1.87181000e-06  0.00000000e+00 
 1.87281000e-06  0.00000000e+00 
 1.87381000e-06  0.00000000e+00 
 1.87481000e-06  0.00000000e+00 
 1.87581000e-06  0.00000000e+00 
 1.87600000e-06  0.00000000e+00 
 1.87610000e-06  0.00000000e+00 
 1.87630000e-06  0.00000000e+00 
 1.87670000e-06  0.00000000e+00 
 1.87700000e-06  0.00000000e+00 
 1.87708000e-06  0.00000000e+00 
 1.87724000e-06  0.00000000e+00 
 1.87756000e-06  0.00000000e+00 
 1.87820000e-06  0.00000000e+00 
 1.87920000e-06  0.00000000e+00 
 1.88020000e-06  0.00000000e+00 
 1.88120000e-06  0.00000000e+00 
 1.88220000e-06  0.00000000e+00 
 1.88320000e-06  0.00000000e+00 
 1.88420000e-06  0.00000000e+00 
 1.88520000e-06  0.00000000e+00 
 1.88620000e-06  0.00000000e+00 
 1.88720000e-06  0.00000000e+00 
 1.88820000e-06  0.00000000e+00 
 1.88920000e-06  0.00000000e+00 
 1.89020000e-06  0.00000000e+00 
 1.89120000e-06  0.00000000e+00 
 1.89220000e-06  0.00000000e+00 
 1.89320000e-06  0.00000000e+00 
 1.89420000e-06  0.00000000e+00 
 1.89520000e-06  0.00000000e+00 
 1.89620000e-06  0.00000000e+00 
 1.89720000e-06  0.00000000e+00 
 1.89820000e-06  0.00000000e+00 
 1.89920000e-06  0.00000000e+00 
 1.90020000e-06  0.00000000e+00 
 1.90120000e-06  0.00000000e+00 
 1.90220000e-06  0.00000000e+00 
 1.90320000e-06  0.00000000e+00 
 1.90420000e-06  0.00000000e+00 
 1.90520000e-06  0.00000000e+00 
 1.90620000e-06  0.00000000e+00 
 1.90720000e-06  0.00000000e+00 
 1.90820000e-06  0.00000000e+00 
 1.90920000e-06  0.00000000e+00 
 1.91020000e-06  0.00000000e+00 
 1.91120000e-06  0.00000000e+00 
 1.91220000e-06  0.00000000e+00 
 1.91320000e-06  0.00000000e+00 
 1.91420000e-06  0.00000000e+00 
 1.91520000e-06  0.00000000e+00 
 1.91620000e-06  0.00000000e+00 
 1.91720000e-06  0.00000000e+00 
 1.91820000e-06  0.00000000e+00 
 1.91920000e-06  0.00000000e+00 
 1.92020000e-06  0.00000000e+00 
 1.92120000e-06  0.00000000e+00 
 1.92220000e-06  0.00000000e+00 
 1.92320000e-06  0.00000000e+00 
 1.92420000e-06  0.00000000e+00 
 1.92520000e-06  0.00000000e+00 
 1.92620000e-06  0.00000000e+00 
 1.92720000e-06  0.00000000e+00 
 1.92820000e-06  0.00000000e+00 
 1.92920000e-06  0.00000000e+00 
 1.93020000e-06  0.00000000e+00 
 1.93120000e-06  0.00000000e+00 
 1.93220000e-06  0.00000000e+00 
 1.93320000e-06  0.00000000e+00 
 1.93420000e-06  0.00000000e+00 
 1.93520000e-06  0.00000000e+00 
 1.93620000e-06  0.00000000e+00 
 1.93720000e-06  0.00000000e+00 
 1.93820000e-06  0.00000000e+00 
 1.93920000e-06  0.00000000e+00 
 1.94020000e-06  0.00000000e+00 
 1.94120000e-06  0.00000000e+00 
 1.94220000e-06  0.00000000e+00 
 1.94320000e-06  0.00000000e+00 
 1.94420000e-06  0.00000000e+00 
 1.94520000e-06  0.00000000e+00 
 1.94620000e-06  0.00000000e+00 
 1.94720000e-06  0.00000000e+00 
 1.94820000e-06  0.00000000e+00 
 1.94920000e-06  0.00000000e+00 
 1.95020000e-06  0.00000000e+00 
 1.95120000e-06  0.00000000e+00 
 1.95220000e-06  0.00000000e+00 
 1.95320000e-06  0.00000000e+00 
 1.95420000e-06  0.00000000e+00 
 1.95520000e-06  0.00000000e+00 
 1.95620000e-06  0.00000000e+00 
 1.95720000e-06  0.00000000e+00 
 1.95820000e-06  0.00000000e+00 
 1.95920000e-06  0.00000000e+00 
 1.96020000e-06  0.00000000e+00 
 1.96120000e-06  0.00000000e+00 
 1.96220000e-06  0.00000000e+00 
 1.96320000e-06  0.00000000e+00 
 1.96420000e-06  0.00000000e+00 
 1.96520000e-06  0.00000000e+00 
 1.96620000e-06  0.00000000e+00 
 1.96720000e-06  0.00000000e+00 
 1.96820000e-06  0.00000000e+00 
 1.96920000e-06  0.00000000e+00 
 1.97020000e-06  0.00000000e+00 
 1.97120000e-06  0.00000000e+00 
 1.97220000e-06  0.00000000e+00 
 1.97320000e-06  0.00000000e+00 
 1.97420000e-06  0.00000000e+00 
 1.97520000e-06  0.00000000e+00 
 1.97620000e-06  0.00000000e+00 
 1.97720000e-06  0.00000000e+00 
 1.97820000e-06  0.00000000e+00 
 1.97920000e-06  0.00000000e+00 
 1.98020000e-06  0.00000000e+00 
 1.98120000e-06  0.00000000e+00 
 1.98220000e-06  0.00000000e+00 
 1.98320000e-06  0.00000000e+00 
 1.98420000e-06  0.00000000e+00 
 1.98520000e-06  0.00000000e+00 
 1.98620000e-06  0.00000000e+00 
 1.98720000e-06  0.00000000e+00 
 1.98820000e-06  0.00000000e+00 
 1.98920000e-06  0.00000000e+00 
 1.99020000e-06  0.00000000e+00 
 1.99120000e-06  0.00000000e+00 
 1.99220000e-06  0.00000000e+00 
 1.99320000e-06  0.00000000e+00 
 1.99420000e-06  0.00000000e+00 
 1.99520000e-06  0.00000000e+00 
 1.99620000e-06  0.00000000e+00 
 1.99720000e-06  0.00000000e+00 
 1.99820000e-06  0.00000000e+00 
 1.99920000e-06  0.00000000e+00 
 2.00000000e-06  0.00000000e+00 
 2.00010000e-06  0.00000000e+00 
 2.00030000e-06  0.00000000e+00 
 2.00070000e-06  0.00000000e+00 
 2.00100000e-06  0.00000000e+00 
 2.00108000e-06  0.00000000e+00 
 2.00124000e-06  0.00000000e+00 
 2.00156000e-06  0.00000000e+00 
 2.00200000e-06  0.00000000e+00 
 2.00206400e-06  0.00000000e+00 
 2.00219200e-06  0.00000000e+00 
 2.00244800e-06  0.00000000e+00 
 2.00296000e-06  0.00000000e+00 
 2.00396000e-06  0.00000000e+00 
 2.00496000e-06  0.00000000e+00 
 2.00596000e-06  0.00000000e+00 
 2.00696000e-06  0.00000000e+00 
 2.00796000e-06  0.00000000e+00 
 2.00896000e-06  0.00000000e+00 
 2.00996000e-06  0.00000000e+00 
 2.01096000e-06  0.00000000e+00 
 2.01196000e-06  0.00000000e+00 
 2.01296000e-06  0.00000000e+00 
 2.01396000e-06  0.00000000e+00 
 2.01496000e-06  0.00000000e+00 
 2.01596000e-06  0.00000000e+00 
 2.01696000e-06  0.00000000e+00 
 2.01796000e-06  0.00000000e+00 
 2.01896000e-06  0.00000000e+00 
 2.01996000e-06  0.00000000e+00 
 2.02096000e-06  0.00000000e+00 
 2.02196000e-06  0.00000000e+00 
 2.02296000e-06  0.00000000e+00 
 2.02396000e-06  0.00000000e+00 
 2.02496000e-06  0.00000000e+00 
 2.02596000e-06  0.00000000e+00 
 2.02696000e-06  0.00000000e+00 
 2.02796000e-06  0.00000000e+00 
 2.02896000e-06  0.00000000e+00 
 2.02996000e-06  0.00000000e+00 
 2.03096000e-06  0.00000000e+00 
 2.03196000e-06  0.00000000e+00 
 2.03296000e-06  0.00000000e+00 
 2.03396000e-06  0.00000000e+00 
 2.03496000e-06  0.00000000e+00 
 2.03596000e-06  0.00000000e+00 
 2.03696000e-06  0.00000000e+00 
 2.03796000e-06  0.00000000e+00 
 2.03896000e-06  0.00000000e+00 
 2.03996000e-06  0.00000000e+00 
 2.04096000e-06  0.00000000e+00 
 2.04196000e-06  0.00000000e+00 
 2.04296000e-06  0.00000000e+00 
 2.04396000e-06  0.00000000e+00 
 2.04496000e-06  0.00000000e+00 
 2.04596000e-06  0.00000000e+00 
 2.04696000e-06  0.00000000e+00 
 2.04796000e-06  0.00000000e+00 
 2.04896000e-06  0.00000000e+00 
 2.04996000e-06  0.00000000e+00 
 2.05096000e-06  0.00000000e+00 
 2.05196000e-06  0.00000000e+00 
 2.05296000e-06  0.00000000e+00 
 2.05396000e-06  0.00000000e+00 
 2.05496000e-06  0.00000000e+00 
 2.05596000e-06  0.00000000e+00 
 2.05696000e-06  0.00000000e+00 
 2.05796000e-06  0.00000000e+00 
 2.05896000e-06  0.00000000e+00 
 2.05996000e-06  0.00000000e+00 
 2.06096000e-06  0.00000000e+00 
 2.06196000e-06  0.00000000e+00 
 2.06296000e-06  0.00000000e+00 
 2.06396000e-06  0.00000000e+00 
 2.06496000e-06  0.00000000e+00 
 2.06596000e-06  0.00000000e+00 
 2.06696000e-06  0.00000000e+00 
 2.06796000e-06  0.00000000e+00 
 2.06896000e-06  0.00000000e+00 
 2.06996000e-06  0.00000000e+00 
 2.07096000e-06  0.00000000e+00 
 2.07196000e-06  0.00000000e+00 
 2.07296000e-06  0.00000000e+00 
 2.07396000e-06  0.00000000e+00 
 2.07496000e-06  0.00000000e+00 
 2.07596000e-06  0.00000000e+00 
 2.07696000e-06  0.00000000e+00 
 2.07796000e-06  0.00000000e+00 
 2.07896000e-06  0.00000000e+00 
 2.07996000e-06  0.00000000e+00 
 2.08096000e-06  0.00000000e+00 
 2.08196000e-06  0.00000000e+00 
 2.08296000e-06  0.00000000e+00 
 2.08396000e-06  0.00000000e+00 
 2.08496000e-06  0.00000000e+00 
 2.08596000e-06  0.00000000e+00 
 2.08696000e-06  0.00000000e+00 
 2.08796000e-06  0.00000000e+00 
 2.08896000e-06  0.00000000e+00 
 2.08996000e-06  0.00000000e+00 
 2.09096000e-06  0.00000000e+00 
 2.09196000e-06  0.00000000e+00 
 2.09296000e-06  0.00000000e+00 
 2.09396000e-06  0.00000000e+00 
 2.09496000e-06  0.00000000e+00 
 2.09596000e-06  0.00000000e+00 
 2.09696000e-06  0.00000000e+00 
 2.09796000e-06  0.00000000e+00 
 2.09896000e-06  0.00000000e+00 
 2.09996000e-06  0.00000000e+00 
 2.10096000e-06  0.00000000e+00 
 2.10196000e-06  0.00000000e+00 
 2.10296000e-06  0.00000000e+00 
 2.10396000e-06  0.00000000e+00 
 2.10496000e-06  0.00000000e+00 
 2.10596000e-06  0.00000000e+00 
 2.10696000e-06  0.00000000e+00 
 2.10796000e-06  0.00000000e+00 
 2.10896000e-06  0.00000000e+00 
 2.10996000e-06  0.00000000e+00 
 2.11096000e-06  0.00000000e+00 
 2.11196000e-06  0.00000000e+00 
 2.11296000e-06  0.00000000e+00 
 2.11396000e-06  0.00000000e+00 
 2.11496000e-06  0.00000000e+00 
 2.11596000e-06  0.00000000e+00 
 2.11696000e-06  0.00000000e+00 
 2.11796000e-06  0.00000000e+00 
 2.11896000e-06  0.00000000e+00 
 2.11996000e-06  0.00000000e+00 
 2.12096000e-06  0.00000000e+00 
 2.12196000e-06  0.00000000e+00 
 2.12296000e-06  0.00000000e+00 
 2.12396000e-06  0.00000000e+00 
 2.12496000e-06  0.00000000e+00 
 2.12596000e-06  0.00000000e+00 
 2.12696000e-06  0.00000000e+00 
 2.12796000e-06  0.00000000e+00 
 2.12896000e-06  0.00000000e+00 
 2.12996000e-06  0.00000000e+00 
 2.13096000e-06  0.00000000e+00 
 2.13196000e-06  0.00000000e+00 
 2.13296000e-06  0.00000000e+00 
 2.13396000e-06  0.00000000e+00 
 2.13496000e-06  0.00000000e+00 
 2.13596000e-06  0.00000000e+00 
 2.13696000e-06  0.00000000e+00 
 2.13796000e-06  0.00000000e+00 
 2.13896000e-06  0.00000000e+00 
 2.13996000e-06  0.00000000e+00 
 2.14096000e-06  0.00000000e+00 
 2.14196000e-06  0.00000000e+00 
 2.14296000e-06  0.00000000e+00 
 2.14396000e-06  0.00000000e+00 
 2.14496000e-06  0.00000000e+00 
 2.14596000e-06  0.00000000e+00 
 2.14696000e-06  0.00000000e+00 
 2.14796000e-06  0.00000000e+00 
 2.14896000e-06  0.00000000e+00 
 2.14996000e-06  0.00000000e+00 
 2.15096000e-06  0.00000000e+00 
 2.15196000e-06  0.00000000e+00 
 2.15296000e-06  0.00000000e+00 
 2.15396000e-06  0.00000000e+00 
 2.15496000e-06  0.00000000e+00 
 2.15596000e-06  0.00000000e+00 
 2.15696000e-06  0.00000000e+00 
 2.15796000e-06  0.00000000e+00 
 2.15896000e-06  0.00000000e+00 
 2.15996000e-06  0.00000000e+00 
 2.16096000e-06  0.00000000e+00 
 2.16196000e-06  0.00000000e+00 
 2.16296000e-06  0.00000000e+00 
 2.16396000e-06  0.00000000e+00 
 2.16496000e-06  0.00000000e+00 
 2.16596000e-06  0.00000000e+00 
 2.16696000e-06  0.00000000e+00 
 2.16796000e-06  0.00000000e+00 
 2.16896000e-06  0.00000000e+00 
 2.16996000e-06  0.00000000e+00 
 2.17096000e-06  0.00000000e+00 
 2.17196000e-06  0.00000000e+00 
 2.17296000e-06  0.00000000e+00 
 2.17396000e-06  0.00000000e+00 
 2.17496000e-06  0.00000000e+00 
 2.17596000e-06  0.00000000e+00 
 2.17696000e-06  0.00000000e+00 
 2.17796000e-06  0.00000000e+00 
 2.17896000e-06  0.00000000e+00 
 2.17996000e-06  0.00000000e+00 
 2.18096000e-06  0.00000000e+00 
 2.18196000e-06  0.00000000e+00 
 2.18296000e-06  0.00000000e+00 
 2.18396000e-06  0.00000000e+00 
 2.18496000e-06  0.00000000e+00 
 2.18596000e-06  0.00000000e+00 
 2.18696000e-06  0.00000000e+00 
 2.18796000e-06  0.00000000e+00 
 2.18896000e-06  0.00000000e+00 
 2.18996000e-06  0.00000000e+00 
 2.19096000e-06  0.00000000e+00 
 2.19196000e-06  0.00000000e+00 
 2.19296000e-06  0.00000000e+00 
 2.19396000e-06  0.00000000e+00 
 2.19496000e-06  0.00000000e+00 
 2.19596000e-06  0.00000000e+00 
 2.19696000e-06  0.00000000e+00 
 2.19796000e-06  0.00000000e+00 
 2.19896000e-06  0.00000000e+00 
 2.19996000e-06  0.00000000e+00 
 2.20096000e-06  0.00000000e+00 
 2.20196000e-06  0.00000000e+00 
 2.20296000e-06  0.00000000e+00 
 2.20396000e-06  0.00000000e+00 
 2.20496000e-06  0.00000000e+00 
 2.20596000e-06  0.00000000e+00 
 2.20696000e-06  0.00000000e+00 
 2.20796000e-06  0.00000000e+00 
 2.20896000e-06  0.00000000e+00 
 2.20996000e-06  0.00000000e+00 
 2.21096000e-06  0.00000000e+00 
 2.21196000e-06  0.00000000e+00 
 2.21296000e-06  0.00000000e+00 
 2.21396000e-06  0.00000000e+00 
 2.21496000e-06  0.00000000e+00 
 2.21596000e-06  0.00000000e+00 
 2.21696000e-06  0.00000000e+00 
 2.21796000e-06  0.00000000e+00 
 2.21896000e-06  0.00000000e+00 
 2.21996000e-06  0.00000000e+00 
 2.22096000e-06  0.00000000e+00 
 2.22196000e-06  0.00000000e+00 
 2.22296000e-06  0.00000000e+00 
 2.22396000e-06  0.00000000e+00 
 2.22496000e-06  0.00000000e+00 
 2.22596000e-06  0.00000000e+00 
 2.22696000e-06  0.00000000e+00 
 2.22796000e-06  0.00000000e+00 
 2.22896000e-06  0.00000000e+00 
 2.22996000e-06  0.00000000e+00 
 2.23096000e-06  0.00000000e+00 
 2.23196000e-06  0.00000000e+00 
 2.23296000e-06  0.00000000e+00 
 2.23396000e-06  0.00000000e+00 
 2.23496000e-06  0.00000000e+00 
 2.23596000e-06  0.00000000e+00 
 2.23696000e-06  0.00000000e+00 
 2.23796000e-06  0.00000000e+00 
 2.23896000e-06  0.00000000e+00 
 2.23996000e-06  0.00000000e+00 
 2.24096000e-06  0.00000000e+00 
 2.24196000e-06  0.00000000e+00 
 2.24296000e-06  0.00000000e+00 
 2.24396000e-06  0.00000000e+00 
 2.24496000e-06  0.00000000e+00 
 2.24596000e-06  0.00000000e+00 
 2.24696000e-06  0.00000000e+00 
 2.24796000e-06  0.00000000e+00 
 2.24896000e-06  0.00000000e+00 
 2.24996000e-06  0.00000000e+00 
 2.25000000e-06  0.00000000e+00 
 2.25008000e-06  0.00000000e+00 
 2.25024000e-06  0.00000000e+00 
 2.25056000e-06  0.00000000e+00 
 2.25100000e-06  0.00000000e+00 
 2.25106400e-06  0.00000000e+00 
 2.25119200e-06  0.00000000e+00 
 2.25144800e-06  0.00000000e+00 
 2.25196000e-06  0.00000000e+00 
 2.25296000e-06  0.00000000e+00 
 2.25396000e-06  0.00000000e+00 
 2.25496000e-06  0.00000000e+00 
 2.25596000e-06  0.00000000e+00 
 2.25696000e-06  0.00000000e+00 
 2.25796000e-06  0.00000000e+00 
 2.25896000e-06  0.00000000e+00 
 2.25996000e-06  0.00000000e+00 
 2.26096000e-06  0.00000000e+00 
 2.26196000e-06  0.00000000e+00 
 2.26296000e-06  0.00000000e+00 
 2.26396000e-06  0.00000000e+00 
 2.26496000e-06  0.00000000e+00 
 2.26596000e-06  0.00000000e+00 
 2.26696000e-06  0.00000000e+00 
 2.26796000e-06  0.00000000e+00 
 2.26896000e-06  0.00000000e+00 
 2.26996000e-06  0.00000000e+00 
 2.27096000e-06  0.00000000e+00 
 2.27196000e-06  0.00000000e+00 
 2.27296000e-06  0.00000000e+00 
 2.27396000e-06  0.00000000e+00 
 2.27496000e-06  0.00000000e+00 
 2.27596000e-06  0.00000000e+00 
 2.27696000e-06  0.00000000e+00 
 2.27796000e-06  0.00000000e+00 
 2.27896000e-06  0.00000000e+00 
 2.27996000e-06  0.00000000e+00 
 2.28096000e-06  0.00000000e+00 
 2.28196000e-06  0.00000000e+00 
 2.28296000e-06  0.00000000e+00 
 2.28396000e-06  0.00000000e+00 
 2.28496000e-06  0.00000000e+00 
 2.28596000e-06  0.00000000e+00 
 2.28696000e-06  0.00000000e+00 
 2.28796000e-06  0.00000000e+00 
 2.28896000e-06  0.00000000e+00 
 2.28996000e-06  0.00000000e+00 
 2.29096000e-06  0.00000000e+00 
 2.29196000e-06  0.00000000e+00 
 2.29296000e-06  0.00000000e+00 
 2.29396000e-06  0.00000000e+00 
 2.29496000e-06  0.00000000e+00 
 2.29596000e-06  0.00000000e+00 
 2.29696000e-06  0.00000000e+00 
 2.29796000e-06  0.00000000e+00 
 2.29896000e-06  0.00000000e+00 
 2.29996000e-06  0.00000000e+00 
 2.30096000e-06  0.00000000e+00 
 2.30196000e-06  0.00000000e+00 
 2.30296000e-06  0.00000000e+00 
 2.30396000e-06  0.00000000e+00 
 2.30496000e-06  0.00000000e+00 
 2.30596000e-06  0.00000000e+00 
 2.30696000e-06  0.00000000e+00 
 2.30796000e-06  0.00000000e+00 
 2.30896000e-06  0.00000000e+00 
 2.30996000e-06  0.00000000e+00 
 2.31096000e-06  0.00000000e+00 
 2.31196000e-06  0.00000000e+00 
 2.31296000e-06  0.00000000e+00 
 2.31396000e-06  0.00000000e+00 
 2.31496000e-06  0.00000000e+00 
 2.31596000e-06  0.00000000e+00 
 2.31696000e-06  0.00000000e+00 
 2.31796000e-06  0.00000000e+00 
 2.31896000e-06  0.00000000e+00 
 2.31996000e-06  0.00000000e+00 
 2.32096000e-06  0.00000000e+00 
 2.32196000e-06  0.00000000e+00 
 2.32296000e-06  0.00000000e+00 
 2.32396000e-06  0.00000000e+00 
 2.32496000e-06  0.00000000e+00 
 2.32596000e-06  0.00000000e+00 
 2.32696000e-06  0.00000000e+00 
 2.32796000e-06  0.00000000e+00 
 2.32896000e-06  0.00000000e+00 
 2.32996000e-06  0.00000000e+00 
 2.33096000e-06  0.00000000e+00 
 2.33196000e-06  0.00000000e+00 
 2.33296000e-06  0.00000000e+00 
 2.33396000e-06  0.00000000e+00 
 2.33496000e-06  0.00000000e+00 
 2.33596000e-06  0.00000000e+00 
 2.33696000e-06  0.00000000e+00 
 2.33796000e-06  0.00000000e+00 
 2.33896000e-06  0.00000000e+00 
 2.33996000e-06  0.00000000e+00 
 2.34096000e-06  0.00000000e+00 
 2.34196000e-06  0.00000000e+00 
 2.34296000e-06  0.00000000e+00 
 2.34396000e-06  0.00000000e+00 
 2.34496000e-06  0.00000000e+00 
 2.34596000e-06  0.00000000e+00 
 2.34696000e-06  0.00000000e+00 
 2.34796000e-06  0.00000000e+00 
 2.34896000e-06  0.00000000e+00 
 2.34996000e-06  0.00000000e+00 
 2.35096000e-06  0.00000000e+00 
 2.35196000e-06  0.00000000e+00 
 2.35296000e-06  0.00000000e+00 
 2.35396000e-06  0.00000000e+00 
 2.35496000e-06  0.00000000e+00 
 2.35596000e-06  0.00000000e+00 
 2.35696000e-06  0.00000000e+00 
 2.35796000e-06  0.00000000e+00 
 2.35896000e-06  0.00000000e+00 
 2.35996000e-06  0.00000000e+00 
 2.36096000e-06  0.00000000e+00 
 2.36196000e-06  0.00000000e+00 
 2.36296000e-06  0.00000000e+00 
 2.36396000e-06  0.00000000e+00 
 2.36496000e-06  0.00000000e+00 
 2.36596000e-06  0.00000000e+00 
 2.36696000e-06  0.00000000e+00 
 2.36796000e-06  0.00000000e+00 
 2.36896000e-06  0.00000000e+00 
 2.36996000e-06  0.00000000e+00 
 2.37096000e-06  0.00000000e+00 
 2.37196000e-06  0.00000000e+00 
 2.37296000e-06  0.00000000e+00 
 2.37396000e-06  0.00000000e+00 
 2.37496000e-06  0.00000000e+00 
 2.37596000e-06  0.00000000e+00 
 2.37696000e-06  0.00000000e+00 
 2.37796000e-06  0.00000000e+00 
 2.37896000e-06  0.00000000e+00 
 2.37996000e-06  0.00000000e+00 
 2.38096000e-06  0.00000000e+00 
 2.38196000e-06  0.00000000e+00 
 2.38296000e-06  0.00000000e+00 
 2.38396000e-06  0.00000000e+00 
 2.38496000e-06  0.00000000e+00 
 2.38596000e-06  0.00000000e+00 
 2.38696000e-06  0.00000000e+00 
 2.38796000e-06  0.00000000e+00 
 2.38896000e-06  0.00000000e+00 
 2.38996000e-06  0.00000000e+00 
 2.39096000e-06  0.00000000e+00 
 2.39196000e-06  0.00000000e+00 
 2.39296000e-06  0.00000000e+00 
 2.39396000e-06  0.00000000e+00 
 2.39496000e-06  0.00000000e+00 
 2.39596000e-06  0.00000000e+00 
 2.39696000e-06  0.00000000e+00 
 2.39796000e-06  0.00000000e+00 
 2.39896000e-06  0.00000000e+00 
 2.39996000e-06  0.00000000e+00 
 2.40096000e-06  0.00000000e+00 
 2.40196000e-06  0.00000000e+00 
 2.40296000e-06  0.00000000e+00 
 2.40396000e-06  0.00000000e+00 
 2.40496000e-06  0.00000000e+00 
 2.40596000e-06  0.00000000e+00 
 2.40696000e-06  0.00000000e+00 
 2.40796000e-06  0.00000000e+00 
 2.40896000e-06  0.00000000e+00 
 2.40996000e-06  0.00000000e+00 
 2.41096000e-06  0.00000000e+00 
 2.41196000e-06  0.00000000e+00 
 2.41296000e-06  0.00000000e+00 
 2.41396000e-06  0.00000000e+00 
 2.41496000e-06  0.00000000e+00 
 2.41596000e-06  0.00000000e+00 
 2.41696000e-06  0.00000000e+00 
 2.41796000e-06  0.00000000e+00 
 2.41896000e-06  0.00000000e+00 
 2.41996000e-06  0.00000000e+00 
 2.42096000e-06  0.00000000e+00 
 2.42196000e-06  0.00000000e+00 
 2.42296000e-06  0.00000000e+00 
 2.42396000e-06  0.00000000e+00 
 2.42496000e-06  0.00000000e+00 
 2.42596000e-06  0.00000000e+00 
 2.42696000e-06  0.00000000e+00 
 2.42796000e-06  0.00000000e+00 
 2.42896000e-06  0.00000000e+00 
 2.42996000e-06  0.00000000e+00 
 2.43096000e-06  0.00000000e+00 
 2.43196000e-06  0.00000000e+00 
 2.43296000e-06  0.00000000e+00 
 2.43396000e-06  0.00000000e+00 
 2.43496000e-06  0.00000000e+00 
 2.43596000e-06  0.00000000e+00 
 2.43696000e-06  0.00000000e+00 
 2.43796000e-06  0.00000000e+00 
 2.43896000e-06  0.00000000e+00 
 2.43996000e-06  0.00000000e+00 
 2.44096000e-06  0.00000000e+00 
 2.44196000e-06  0.00000000e+00 
 2.44296000e-06  0.00000000e+00 
 2.44396000e-06  0.00000000e+00 
 2.44496000e-06  0.00000000e+00 
 2.44596000e-06  0.00000000e+00 
 2.44696000e-06  0.00000000e+00 
 2.44796000e-06  0.00000000e+00 
 2.44896000e-06  0.00000000e+00 
 2.44996000e-06  0.00000000e+00 
 2.45096000e-06  0.00000000e+00 
 2.45196000e-06  0.00000000e+00 
 2.45296000e-06  0.00000000e+00 
 2.45396000e-06  0.00000000e+00 
 2.45496000e-06  0.00000000e+00 
 2.45596000e-06  0.00000000e+00 
 2.45696000e-06  0.00000000e+00 
 2.45796000e-06  0.00000000e+00 
 2.45896000e-06  0.00000000e+00 
 2.45996000e-06  0.00000000e+00 
 2.46096000e-06  0.00000000e+00 
 2.46196000e-06  0.00000000e+00 
 2.46296000e-06  0.00000000e+00 
 2.46396000e-06  0.00000000e+00 
 2.46496000e-06  0.00000000e+00 
 2.46596000e-06  0.00000000e+00 
 2.46696000e-06  0.00000000e+00 
 2.46796000e-06  0.00000000e+00 
 2.46896000e-06  0.00000000e+00 
 2.46996000e-06  0.00000000e+00 
 2.47096000e-06  0.00000000e+00 
 2.47196000e-06  0.00000000e+00 
 2.47296000e-06  0.00000000e+00 
 2.47396000e-06  0.00000000e+00 
 2.47496000e-06  0.00000000e+00 
 2.47596000e-06  0.00000000e+00 
 2.47696000e-06  0.00000000e+00 
 2.47796000e-06  0.00000000e+00 
 2.47896000e-06  0.00000000e+00 
 2.47996000e-06  0.00000000e+00 
 2.48096000e-06  0.00000000e+00 
 2.48196000e-06  0.00000000e+00 
 2.48296000e-06  0.00000000e+00 
 2.48396000e-06  0.00000000e+00 
 2.48496000e-06  0.00000000e+00 
 2.48596000e-06  0.00000000e+00 
 2.48696000e-06  0.00000000e+00 
 2.48796000e-06  0.00000000e+00 
 2.48896000e-06  0.00000000e+00 
 2.48996000e-06  0.00000000e+00 
 2.49096000e-06  0.00000000e+00 
 2.49100000e-06  0.00000000e+00 
 2.49108000e-06  0.00000000e+00 
 2.49124000e-06  0.00000000e+00 
 2.49156000e-06  0.00000000e+00 
 2.49200000e-06  0.00000000e+00 
 2.49206400e-06  0.00000000e+00 
 2.49219200e-06  0.00000000e+00 
 2.49244800e-06  0.00000000e+00 
 2.49296000e-06  0.00000000e+00 
 2.49396000e-06  0.00000000e+00 
 2.49496000e-06  0.00000000e+00 
 2.49596000e-06  0.00000000e+00 
 2.49696000e-06  0.00000000e+00 
 2.49796000e-06  0.00000000e+00 
 2.49896000e-06  0.00000000e+00 
 2.49996000e-06  0.00000000e+00 
 2.50096000e-06  0.00000000e+00 
 2.50196000e-06  0.00000000e+00 
 2.50296000e-06  0.00000000e+00 
 2.50396000e-06  0.00000000e+00 
 2.50496000e-06  0.00000000e+00 
 2.50596000e-06  0.00000000e+00 
 2.50696000e-06  0.00000000e+00 
 2.50796000e-06  0.00000000e+00 
 2.50896000e-06  0.00000000e+00 
 2.50996000e-06  0.00000000e+00 
 2.51000000e-06  0.00000000e+00 
 2.51008000e-06  0.00000000e+00 
 2.51024000e-06  0.00000000e+00 
 2.51056000e-06  0.00000000e+00 
 2.51100000e-06  0.00000000e+00 
 2.51106400e-06  0.00000000e+00 
 2.51119200e-06  0.00000000e+00 
 2.51144800e-06  0.00000000e+00 
 2.51196000e-06  0.00000000e+00 
 2.51215000e-06  0.00000000e+00 
 2.51225000e-06  1.80000000e+00 
 2.51245000e-06  1.80000000e+00 
 2.51285000e-06  1.80000000e+00 
 2.51365000e-06  1.80000000e+00 
 2.51465000e-06  1.80000000e+00 
 2.51565000e-06  1.80000000e+00 
 2.51665000e-06  1.80000000e+00 
 2.51765000e-06  1.80000000e+00 
 2.51865000e-06  1.80000000e+00 
 2.51965000e-06  1.80000000e+00 
 2.52065000e-06  1.80000000e+00 
 2.52165000e-06  1.80000000e+00 
 2.52265000e-06  1.80000000e+00 
 2.52365000e-06  1.80000000e+00 
 2.52465000e-06  1.80000000e+00 
 2.52565000e-06  1.80000000e+00 
 2.52665000e-06  1.80000000e+00 
 2.52765000e-06  1.80000000e+00 
 2.52865000e-06  1.80000000e+00 
 2.52965000e-06  1.80000000e+00 
 2.53065000e-06  1.80000000e+00 
 2.53165000e-06  1.80000000e+00 
 2.53265000e-06  1.80000000e+00 
 2.53365000e-06  1.80000000e+00 
 2.53465000e-06  1.80000000e+00 
 2.53565000e-06  1.80000000e+00 
 2.53665000e-06  1.80000000e+00 
 2.53765000e-06  1.80000000e+00 
 2.53865000e-06  1.80000000e+00 
 2.53965000e-06  1.80000000e+00 
 2.54065000e-06  1.80000000e+00 
 2.54165000e-06  1.80000000e+00 
 2.54265000e-06  1.80000000e+00 
 2.54365000e-06  1.80000000e+00 
 2.54465000e-06  1.80000000e+00 
 2.54565000e-06  1.80000000e+00 
 2.54665000e-06  1.80000000e+00 
 2.54765000e-06  1.80000000e+00 
 2.54865000e-06  1.80000000e+00 
 2.54965000e-06  1.80000000e+00 
 2.55065000e-06  1.80000000e+00 
 2.55165000e-06  1.80000000e+00 
 2.55265000e-06  1.80000000e+00 
 2.55365000e-06  1.80000000e+00 
 2.55465000e-06  1.80000000e+00 
 2.55565000e-06  1.80000000e+00 
 2.55665000e-06  1.80000000e+00 
 2.55765000e-06  1.80000000e+00 
 2.55865000e-06  1.80000000e+00 
 2.55965000e-06  1.80000000e+00 
 2.56065000e-06  1.80000000e+00 
 2.56165000e-06  1.80000000e+00 
 2.56265000e-06  1.80000000e+00 
 2.56365000e-06  1.80000000e+00 
 2.56465000e-06  1.80000000e+00 
 2.56565000e-06  1.80000000e+00 
 2.56665000e-06  1.80000000e+00 
 2.56765000e-06  1.80000000e+00 
 2.56865000e-06  1.80000000e+00 
 2.56965000e-06  1.80000000e+00 
 2.57065000e-06  1.80000000e+00 
 2.57165000e-06  1.80000000e+00 
 2.57265000e-06  1.80000000e+00 
 2.57365000e-06  1.80000000e+00 
 2.57465000e-06  1.80000000e+00 
 2.57565000e-06  1.80000000e+00 
 2.57665000e-06  1.80000000e+00 
 2.57765000e-06  1.80000000e+00 
 2.57865000e-06  1.80000000e+00 
 2.57965000e-06  1.80000000e+00 
 2.58065000e-06  1.80000000e+00 
 2.58165000e-06  1.80000000e+00 
 2.58265000e-06  1.80000000e+00 
 2.58365000e-06  1.80000000e+00 
 2.58465000e-06  1.80000000e+00 
 2.58565000e-06  1.80000000e+00 
 2.58665000e-06  1.80000000e+00 
 2.58765000e-06  1.80000000e+00 
 2.58865000e-06  1.80000000e+00 
 2.58965000e-06  1.80000000e+00 
 2.59065000e-06  1.80000000e+00 
 2.59165000e-06  1.80000000e+00 
 2.59265000e-06  1.80000000e+00 
 2.59365000e-06  1.80000000e+00 
 2.59465000e-06  1.80000000e+00 
 2.59565000e-06  1.80000000e+00 
 2.59665000e-06  1.80000000e+00 
 2.59765000e-06  1.80000000e+00 
 2.59865000e-06  1.80000000e+00 
 2.59965000e-06  1.80000000e+00 
 2.60065000e-06  1.80000000e+00 
 2.60165000e-06  1.80000000e+00 
 2.60265000e-06  1.80000000e+00 
 2.60365000e-06  1.80000000e+00 
 2.60465000e-06  1.80000000e+00 
 2.60565000e-06  1.80000000e+00 
 2.60665000e-06  1.80000000e+00 
 2.60765000e-06  1.80000000e+00 
 2.60865000e-06  1.80000000e+00 
 2.60965000e-06  1.80000000e+00 
 2.61065000e-06  1.80000000e+00 
 2.61165000e-06  1.80000000e+00 
 2.61265000e-06  1.80000000e+00 
 2.61365000e-06  1.80000000e+00 
 2.61465000e-06  1.80000000e+00 
 2.61565000e-06  1.80000000e+00 
 2.61665000e-06  1.80000000e+00 
 2.61765000e-06  1.80000000e+00 
 2.61865000e-06  1.80000000e+00 
 2.61965000e-06  1.80000000e+00 
 2.62065000e-06  1.80000000e+00 
 2.62165000e-06  1.80000000e+00 
 2.62265000e-06  1.80000000e+00 
 2.62365000e-06  1.80000000e+00 
 2.62465000e-06  1.80000000e+00 
 2.62565000e-06  1.80000000e+00 
 2.62600000e-06  1.80000000e+00 
 2.62610000e-06  1.80000000e+00 
 2.62630000e-06  1.80000000e+00 
 2.62670000e-06  1.80000000e+00 
 2.62700000e-06  1.80000000e+00 
 2.62708000e-06  1.80000000e+00 
 2.62724000e-06  1.80000000e+00 
 2.62756000e-06  1.80000000e+00 
 2.62820000e-06  1.80000000e+00 
 2.62920000e-06  1.80000000e+00 
 2.63020000e-06  1.80000000e+00 
 2.63120000e-06  1.80000000e+00 
 2.63220000e-06  1.80000000e+00 
 2.63320000e-06  1.80000000e+00 
 2.63420000e-06  1.80000000e+00 
 2.63520000e-06  1.80000000e+00 
 2.63620000e-06  1.80000000e+00 
 2.63720000e-06  1.80000000e+00 
 2.63820000e-06  1.80000000e+00 
 2.63920000e-06  1.80000000e+00 
 2.64020000e-06  1.80000000e+00 
 2.64120000e-06  1.80000000e+00 
 2.64220000e-06  1.80000000e+00 
 2.64320000e-06  1.80000000e+00 
 2.64420000e-06  1.80000000e+00 
 2.64520000e-06  1.80000000e+00 
 2.64620000e-06  1.80000000e+00 
 2.64720000e-06  1.80000000e+00 
 2.64820000e-06  1.80000000e+00 
 2.64920000e-06  1.80000000e+00 
 2.65020000e-06  1.80000000e+00 
 2.65120000e-06  1.80000000e+00 
 2.65220000e-06  1.80000000e+00 
 2.65320000e-06  1.80000000e+00 
 2.65420000e-06  1.80000000e+00 
 2.65520000e-06  1.80000000e+00 
 2.65620000e-06  1.80000000e+00 
 2.65720000e-06  1.80000000e+00 
 2.65820000e-06  1.80000000e+00 
 2.65920000e-06  1.80000000e+00 
 2.66020000e-06  1.80000000e+00 
 2.66120000e-06  1.80000000e+00 
 2.66220000e-06  1.80000000e+00 
 2.66320000e-06  1.80000000e+00 
 2.66420000e-06  1.80000000e+00 
 2.66520000e-06  1.80000000e+00 
 2.66620000e-06  1.80000000e+00 
 2.66720000e-06  1.80000000e+00 
 2.66820000e-06  1.80000000e+00 
 2.66920000e-06  1.80000000e+00 
 2.67020000e-06  1.80000000e+00 
 2.67120000e-06  1.80000000e+00 
 2.67220000e-06  1.80000000e+00 
 2.67320000e-06  1.80000000e+00 
 2.67420000e-06  1.80000000e+00 
 2.67520000e-06  1.80000000e+00 
 2.67620000e-06  1.80000000e+00 
 2.67720000e-06  1.80000000e+00 
 2.67820000e-06  1.80000000e+00 
 2.67920000e-06  1.80000000e+00 
 2.68020000e-06  1.80000000e+00 
 2.68120000e-06  1.80000000e+00 
 2.68220000e-06  1.80000000e+00 
 2.68320000e-06  1.80000000e+00 
 2.68420000e-06  1.80000000e+00 
 2.68520000e-06  1.80000000e+00 
 2.68620000e-06  1.80000000e+00 
 2.68720000e-06  1.80000000e+00 
 2.68820000e-06  1.80000000e+00 
 2.68920000e-06  1.80000000e+00 
 2.69020000e-06  1.80000000e+00 
 2.69120000e-06  1.80000000e+00 
 2.69220000e-06  1.80000000e+00 
 2.69320000e-06  1.80000000e+00 
 2.69420000e-06  1.80000000e+00 
 2.69520000e-06  1.80000000e+00 
 2.69620000e-06  1.80000000e+00 
 2.69720000e-06  1.80000000e+00 
 2.69820000e-06  1.80000000e+00 
 2.69920000e-06  1.80000000e+00 
 2.70020000e-06  1.80000000e+00 
 2.70120000e-06  1.80000000e+00 
 2.70220000e-06  1.80000000e+00 
 2.70320000e-06  1.80000000e+00 
 2.70420000e-06  1.80000000e+00 
 2.70520000e-06  1.80000000e+00 
 2.70620000e-06  1.80000000e+00 
 2.70720000e-06  1.80000000e+00 
 2.70820000e-06  1.80000000e+00 
 2.70920000e-06  1.80000000e+00 
 2.71020000e-06  1.80000000e+00 
 2.71120000e-06  1.80000000e+00 
 2.71220000e-06  1.80000000e+00 
 2.71320000e-06  1.80000000e+00 
 2.71420000e-06  1.80000000e+00 
 2.71520000e-06  1.80000000e+00 
 2.71620000e-06  1.80000000e+00 
 2.71720000e-06  1.80000000e+00 
 2.71820000e-06  1.80000000e+00 
 2.71920000e-06  1.80000000e+00 
 2.72020000e-06  1.80000000e+00 
 2.72120000e-06  1.80000000e+00 
 2.72220000e-06  1.80000000e+00 
 2.72320000e-06  1.80000000e+00 
 2.72420000e-06  1.80000000e+00 
 2.72520000e-06  1.80000000e+00 
 2.72620000e-06  1.80000000e+00 
 2.72720000e-06  1.80000000e+00 
 2.72820000e-06  1.80000000e+00 
 2.72920000e-06  1.80000000e+00 
 2.73020000e-06  1.80000000e+00 
 2.73120000e-06  1.80000000e+00 
 2.73220000e-06  1.80000000e+00 
 2.73320000e-06  1.80000000e+00 
 2.73420000e-06  1.80000000e+00 
 2.73520000e-06  1.80000000e+00 
 2.73620000e-06  1.80000000e+00 
 2.73720000e-06  1.80000000e+00 
 2.73820000e-06  1.80000000e+00 
 2.73920000e-06  1.80000000e+00 
 2.74020000e-06  1.80000000e+00 
 2.74120000e-06  1.80000000e+00 
 2.74220000e-06  1.80000000e+00 
 2.74320000e-06  1.80000000e+00 
 2.74420000e-06  1.80000000e+00 
 2.74520000e-06  1.80000000e+00 
 2.74620000e-06  1.80000000e+00 
 2.74720000e-06  1.80000000e+00 
 2.74820000e-06  1.80000000e+00 
 2.74920000e-06  1.80000000e+00 
 2.75020000e-06  1.80000000e+00 
 2.75120000e-06  1.80000000e+00 
 2.75220000e-06  1.80000000e+00 
 2.75320000e-06  1.80000000e+00 
 2.75420000e-06  1.80000000e+00 
 2.75520000e-06  1.80000000e+00 
 2.75620000e-06  1.80000000e+00 
 2.75720000e-06  1.80000000e+00 
 2.75820000e-06  1.80000000e+00 
 2.75920000e-06  1.80000000e+00 
 2.76020000e-06  1.80000000e+00 
 2.76120000e-06  1.80000000e+00 
 2.76220000e-06  1.80000000e+00 
 2.76320000e-06  1.80000000e+00 
 2.76420000e-06  1.80000000e+00 
 2.76520000e-06  1.80000000e+00 
 2.76620000e-06  1.80000000e+00 
 2.76720000e-06  1.80000000e+00 
 2.76820000e-06  1.80000000e+00 
 2.76920000e-06  1.80000000e+00 
 2.77020000e-06  1.80000000e+00 
 2.77120000e-06  1.80000000e+00 
 2.77220000e-06  1.80000000e+00 
 2.77320000e-06  1.80000000e+00 
 2.77420000e-06  1.80000000e+00 
 2.77520000e-06  1.80000000e+00 
 2.77620000e-06  1.80000000e+00 
 2.77720000e-06  1.80000000e+00 
 2.77820000e-06  1.80000000e+00 
 2.77920000e-06  1.80000000e+00 
 2.78020000e-06  1.80000000e+00 
 2.78120000e-06  1.80000000e+00 
 2.78220000e-06  1.80000000e+00 
 2.78320000e-06  1.80000000e+00 
 2.78420000e-06  1.80000000e+00 
 2.78520000e-06  1.80000000e+00 
 2.78620000e-06  1.80000000e+00 
 2.78720000e-06  1.80000000e+00 
 2.78820000e-06  1.80000000e+00 
 2.78920000e-06  1.80000000e+00 
 2.79020000e-06  1.80000000e+00 
 2.79120000e-06  1.80000000e+00 
 2.79220000e-06  1.80000000e+00 
 2.79320000e-06  1.80000000e+00 
 2.79420000e-06  1.80000000e+00 
 2.79520000e-06  1.80000000e+00 
 2.79620000e-06  1.80000000e+00 
 2.79720000e-06  1.80000000e+00 
 2.79820000e-06  1.80000000e+00 
 2.79920000e-06  1.80000000e+00 
 2.80020000e-06  1.80000000e+00 
 2.80120000e-06  1.80000000e+00 
 2.80220000e-06  1.80000000e+00 
 2.80320000e-06  1.80000000e+00 
 2.80420000e-06  1.80000000e+00 
 2.80520000e-06  1.80000000e+00 
 2.80620000e-06  1.80000000e+00 
 2.80720000e-06  1.80000000e+00 
 2.80820000e-06  1.80000000e+00 
 2.80920000e-06  1.80000000e+00 
 2.81020000e-06  1.80000000e+00 
 2.81120000e-06  1.80000000e+00 
 2.81220000e-06  1.80000000e+00 
 2.81320000e-06  1.80000000e+00 
 2.81420000e-06  1.80000000e+00 
 2.81520000e-06  1.80000000e+00 
 2.81620000e-06  1.80000000e+00 
 2.81720000e-06  1.80000000e+00 
 2.81820000e-06  1.80000000e+00 
 2.81920000e-06  1.80000000e+00 
 2.82020000e-06  1.80000000e+00 
 2.82120000e-06  1.80000000e+00 
 2.82220000e-06  1.80000000e+00 
 2.82320000e-06  1.80000000e+00 
 2.82420000e-06  1.80000000e+00 
 2.82520000e-06  1.80000000e+00 
 2.82620000e-06  1.80000000e+00 
 2.82720000e-06  1.80000000e+00 
 2.82820000e-06  1.80000000e+00 
 2.82920000e-06  1.80000000e+00 
 2.83020000e-06  1.80000000e+00 
 2.83120000e-06  1.80000000e+00 
 2.83220000e-06  1.80000000e+00 
 2.83320000e-06  1.80000000e+00 
 2.83420000e-06  1.80000000e+00 
 2.83520000e-06  1.80000000e+00 
 2.83620000e-06  1.80000000e+00 
 2.83720000e-06  1.80000000e+00 
 2.83820000e-06  1.80000000e+00 
 2.83920000e-06  1.80000000e+00 
 2.84020000e-06  1.80000000e+00 
 2.84120000e-06  1.80000000e+00 
 2.84220000e-06  1.80000000e+00 
 2.84320000e-06  1.80000000e+00 
 2.84420000e-06  1.80000000e+00 
 2.84520000e-06  1.80000000e+00 
 2.84620000e-06  1.80000000e+00 
 2.84720000e-06  1.80000000e+00 
 2.84820000e-06  1.80000000e+00 
 2.84920000e-06  1.80000000e+00 
 2.85020000e-06  1.80000000e+00 
 2.85120000e-06  1.80000000e+00 
 2.85220000e-06  1.80000000e+00 
 2.85320000e-06  1.80000000e+00 
 2.85420000e-06  1.80000000e+00 
 2.85520000e-06  1.80000000e+00 
 2.85620000e-06  1.80000000e+00 
 2.85720000e-06  1.80000000e+00 
 2.85820000e-06  1.80000000e+00 
 2.85920000e-06  1.80000000e+00 
 2.86020000e-06  1.80000000e+00 
 2.86120000e-06  1.80000000e+00 
 2.86220000e-06  1.80000000e+00 
 2.86320000e-06  1.80000000e+00 
 2.86420000e-06  1.80000000e+00 
 2.86520000e-06  1.80000000e+00 
 2.86620000e-06  1.80000000e+00 
 2.86720000e-06  1.80000000e+00 
 2.86820000e-06  1.80000000e+00 
 2.86920000e-06  1.80000000e+00 
 2.87020000e-06  1.80000000e+00 
 2.87120000e-06  1.80000000e+00 
 2.87220000e-06  1.80000000e+00 
 2.87320000e-06  1.80000000e+00 
 2.87420000e-06  1.80000000e+00 
 2.87520000e-06  1.80000000e+00 
 2.87620000e-06  1.80000000e+00 
 2.87720000e-06  1.80000000e+00 
 2.87820000e-06  1.80000000e+00 
 2.87920000e-06  1.80000000e+00 
 2.88020000e-06  1.80000000e+00 
 2.88120000e-06  1.80000000e+00 
 2.88220000e-06  1.80000000e+00 
 2.88320000e-06  1.80000000e+00 
 2.88420000e-06  1.80000000e+00 
 2.88520000e-06  1.80000000e+00 
 2.88620000e-06  1.80000000e+00 
 2.88720000e-06  1.80000000e+00 
 2.88820000e-06  1.80000000e+00 
 2.88920000e-06  1.80000000e+00 
 2.89020000e-06  1.80000000e+00 
 2.89120000e-06  1.80000000e+00 
 2.89220000e-06  1.80000000e+00 
 2.89320000e-06  1.80000000e+00 
 2.89420000e-06  1.80000000e+00 
 2.89520000e-06  1.80000000e+00 
 2.89620000e-06  1.80000000e+00 
 2.89720000e-06  1.80000000e+00 
 2.89820000e-06  1.80000000e+00 
 2.89920000e-06  1.80000000e+00 
 2.90020000e-06  1.80000000e+00 
 2.90120000e-06  1.80000000e+00 
 2.90220000e-06  1.80000000e+00 
 2.90320000e-06  1.80000000e+00 
 2.90420000e-06  1.80000000e+00 
 2.90520000e-06  1.80000000e+00 
 2.90620000e-06  1.80000000e+00 
 2.90720000e-06  1.80000000e+00 
 2.90820000e-06  1.80000000e+00 
 2.90920000e-06  1.80000000e+00 
 2.91020000e-06  1.80000000e+00 
 2.91120000e-06  1.80000000e+00 
 2.91220000e-06  1.80000000e+00 
 2.91320000e-06  1.80000000e+00 
 2.91420000e-06  1.80000000e+00 
 2.91520000e-06  1.80000000e+00 
 2.91620000e-06  1.80000000e+00 
 2.91720000e-06  1.80000000e+00 
 2.91820000e-06  1.80000000e+00 
 2.91920000e-06  1.80000000e+00 
 2.92020000e-06  1.80000000e+00 
 2.92120000e-06  1.80000000e+00 
 2.92220000e-06  1.80000000e+00 
 2.92320000e-06  1.80000000e+00 
 2.92420000e-06  1.80000000e+00 
 2.92520000e-06  1.80000000e+00 
 2.92620000e-06  1.80000000e+00 
 2.92720000e-06  1.80000000e+00 
 2.92820000e-06  1.80000000e+00 
 2.92920000e-06  1.80000000e+00 
 2.93020000e-06  1.80000000e+00 
 2.93120000e-06  1.80000000e+00 
 2.93220000e-06  1.80000000e+00 
 2.93320000e-06  1.80000000e+00 
 2.93420000e-06  1.80000000e+00 
 2.93520000e-06  1.80000000e+00 
 2.93620000e-06  1.80000000e+00 
 2.93720000e-06  1.80000000e+00 
 2.93820000e-06  1.80000000e+00 
 2.93920000e-06  1.80000000e+00 
 2.94020000e-06  1.80000000e+00 
 2.94120000e-06  1.80000000e+00 
 2.94220000e-06  1.80000000e+00 
 2.94320000e-06  1.80000000e+00 
 2.94420000e-06  1.80000000e+00 
 2.94520000e-06  1.80000000e+00 
 2.94620000e-06  1.80000000e+00 
 2.94720000e-06  1.80000000e+00 
 2.94820000e-06  1.80000000e+00 
 2.94920000e-06  1.80000000e+00 
 2.95020000e-06  1.80000000e+00 
 2.95120000e-06  1.80000000e+00 
 2.95220000e-06  1.80000000e+00 
 2.95320000e-06  1.80000000e+00 
 2.95420000e-06  1.80000000e+00 
 2.95520000e-06  1.80000000e+00 
 2.95620000e-06  1.80000000e+00 
 2.95720000e-06  1.80000000e+00 
 2.95820000e-06  1.80000000e+00 
 2.95920000e-06  1.80000000e+00 
 2.96020000e-06  1.80000000e+00 
 2.96120000e-06  1.80000000e+00 
 2.96220000e-06  1.80000000e+00 
 2.96320000e-06  1.80000000e+00 
 2.96420000e-06  1.80000000e+00 
 2.96520000e-06  1.80000000e+00 
 2.96620000e-06  1.80000000e+00 
 2.96720000e-06  1.80000000e+00 
 2.96820000e-06  1.80000000e+00 
 2.96920000e-06  1.80000000e+00 
 2.97020000e-06  1.80000000e+00 
 2.97120000e-06  1.80000000e+00 
 2.97220000e-06  1.80000000e+00 
 2.97320000e-06  1.80000000e+00 
 2.97420000e-06  1.80000000e+00 
 2.97520000e-06  1.80000000e+00 
 2.97620000e-06  1.80000000e+00 
 2.97720000e-06  1.80000000e+00 
 2.97820000e-06  1.80000000e+00 
 2.97920000e-06  1.80000000e+00 
 2.98020000e-06  1.80000000e+00 
 2.98120000e-06  1.80000000e+00 
 2.98220000e-06  1.80000000e+00 
 2.98320000e-06  1.80000000e+00 
 2.98420000e-06  1.80000000e+00 
 2.98520000e-06  1.80000000e+00 
 2.98620000e-06  1.80000000e+00 
 2.98720000e-06  1.80000000e+00 
 2.98820000e-06  1.80000000e+00 
 2.98920000e-06  1.80000000e+00 
 2.99020000e-06  1.80000000e+00 
 2.99120000e-06  1.80000000e+00 
 2.99220000e-06  1.80000000e+00 
 2.99320000e-06  1.80000000e+00 
 2.99420000e-06  1.80000000e+00 
 2.99520000e-06  1.80000000e+00 
 2.99620000e-06  1.80000000e+00 
 2.99720000e-06  1.80000000e+00 
 2.99820000e-06  1.80000000e+00 
 2.99920000e-06  1.80000000e+00 
 3.00000000e-06  1.80000000e+00 
 3.00010000e-06  1.80000000e+00 
 3.00030000e-06  1.80000000e+00 
 3.00070000e-06  1.80000000e+00 
 3.00100000e-06  1.80000000e+00 
 3.00108000e-06  1.80000000e+00 
 3.00124000e-06  1.80000000e+00 
 3.00156000e-06  1.80000000e+00 
 3.00200000e-06  1.80000000e+00 
 3.00206400e-06  1.80000000e+00 
 3.00219200e-06  1.80000000e+00 
 3.00244800e-06  1.80000000e+00 
 3.00296000e-06  1.80000000e+00 
 3.00396000e-06  1.80000000e+00 
 3.00496000e-06  1.80000000e+00 
 3.00596000e-06  1.80000000e+00 
 3.00696000e-06  1.80000000e+00 
 3.00796000e-06  1.80000000e+00 
 3.00896000e-06  1.80000000e+00 
 3.00996000e-06  1.80000000e+00 
 3.01096000e-06  1.80000000e+00 
 3.01196000e-06  1.80000000e+00 
 3.01296000e-06  1.80000000e+00 
 3.01396000e-06  1.80000000e+00 
 3.01496000e-06  1.80000000e+00 
 3.01596000e-06  1.80000000e+00 
 3.01696000e-06  1.80000000e+00 
 3.01796000e-06  1.80000000e+00 
 3.01896000e-06  1.80000000e+00 
 3.01996000e-06  1.80000000e+00 
 3.02096000e-06  1.80000000e+00 
 3.02196000e-06  1.80000000e+00 
 3.02296000e-06  1.80000000e+00 
 3.02396000e-06  1.80000000e+00 
 3.02496000e-06  1.80000000e+00 
 3.02596000e-06  1.80000000e+00 
 3.02696000e-06  1.80000000e+00 
 3.02796000e-06  1.80000000e+00 
 3.02896000e-06  1.80000000e+00 
 3.02996000e-06  1.80000000e+00 
 3.03096000e-06  1.80000000e+00 
 3.03196000e-06  1.80000000e+00 
 3.03296000e-06  1.80000000e+00 
 3.03396000e-06  1.80000000e+00 
 3.03496000e-06  1.80000000e+00 
 3.03596000e-06  1.80000000e+00 
 3.03696000e-06  1.80000000e+00 
 3.03796000e-06  1.80000000e+00 
 3.03896000e-06  1.80000000e+00 
 3.03996000e-06  1.80000000e+00 
 3.04096000e-06  1.80000000e+00 
 3.04196000e-06  1.80000000e+00 
 3.04296000e-06  1.80000000e+00 
 3.04396000e-06  1.80000000e+00 
 3.04496000e-06  1.80000000e+00 
 3.04596000e-06  1.80000000e+00 
 3.04696000e-06  1.80000000e+00 
 3.04796000e-06  1.80000000e+00 
 3.04896000e-06  1.80000000e+00 
 3.04996000e-06  1.80000000e+00 
 3.05096000e-06  1.80000000e+00 
 3.05196000e-06  1.80000000e+00 
 3.05296000e-06  1.80000000e+00 
 3.05396000e-06  1.80000000e+00 
 3.05496000e-06  1.80000000e+00 
 3.05596000e-06  1.80000000e+00 
 3.05696000e-06  1.80000000e+00 
 3.05796000e-06  1.80000000e+00 
 3.05896000e-06  1.80000000e+00 
 3.05996000e-06  1.80000000e+00 
 3.06096000e-06  1.80000000e+00 
 3.06196000e-06  1.80000000e+00 
 3.06296000e-06  1.80000000e+00 
 3.06396000e-06  1.80000000e+00 
 3.06496000e-06  1.80000000e+00 
 3.06596000e-06  1.80000000e+00 
 3.06696000e-06  1.80000000e+00 
 3.06796000e-06  1.80000000e+00 
 3.06896000e-06  1.80000000e+00 
 3.06996000e-06  1.80000000e+00 
 3.07096000e-06  1.80000000e+00 
 3.07196000e-06  1.80000000e+00 
 3.07296000e-06  1.80000000e+00 
 3.07396000e-06  1.80000000e+00 
 3.07496000e-06  1.80000000e+00 
 3.07596000e-06  1.80000000e+00 
 3.07696000e-06  1.80000000e+00 
 3.07796000e-06  1.80000000e+00 
 3.07896000e-06  1.80000000e+00 
 3.07996000e-06  1.80000000e+00 
 3.08096000e-06  1.80000000e+00 
 3.08196000e-06  1.80000000e+00 
 3.08296000e-06  1.80000000e+00 
 3.08396000e-06  1.80000000e+00 
 3.08496000e-06  1.80000000e+00 
 3.08596000e-06  1.80000000e+00 
 3.08696000e-06  1.80000000e+00 
 3.08796000e-06  1.80000000e+00 
 3.08896000e-06  1.80000000e+00 
 3.08996000e-06  1.80000000e+00 
 3.09096000e-06  1.80000000e+00 
 3.09196000e-06  1.80000000e+00 
 3.09296000e-06  1.80000000e+00 
 3.09396000e-06  1.80000000e+00 
 3.09496000e-06  1.80000000e+00 
 3.09596000e-06  1.80000000e+00 
 3.09696000e-06  1.80000000e+00 
 3.09796000e-06  1.80000000e+00 
 3.09896000e-06  1.80000000e+00 
 3.09996000e-06  1.80000000e+00 
 3.10096000e-06  1.80000000e+00 
 3.10196000e-06  1.80000000e+00 
 3.10296000e-06  1.80000000e+00 
 3.10396000e-06  1.80000000e+00 
 3.10496000e-06  1.80000000e+00 
 3.10596000e-06  1.80000000e+00 
 3.10696000e-06  1.80000000e+00 
 3.10796000e-06  1.80000000e+00 
 3.10896000e-06  1.80000000e+00 
 3.10996000e-06  1.80000000e+00 
 3.11096000e-06  1.80000000e+00 
 3.11196000e-06  1.80000000e+00 
 3.11296000e-06  1.80000000e+00 
 3.11396000e-06  1.80000000e+00 
 3.11496000e-06  1.80000000e+00 
 3.11596000e-06  1.80000000e+00 
 3.11696000e-06  1.80000000e+00 
 3.11796000e-06  1.80000000e+00 
 3.11896000e-06  1.80000000e+00 
 3.11996000e-06  1.80000000e+00 
 3.12096000e-06  1.80000000e+00 
 3.12196000e-06  1.80000000e+00 
 3.12296000e-06  1.80000000e+00 
 3.12396000e-06  1.80000000e+00 
 3.12496000e-06  1.80000000e+00 
 3.12596000e-06  1.80000000e+00 
 3.12696000e-06  1.80000000e+00 
 3.12796000e-06  1.80000000e+00 
 3.12896000e-06  1.80000000e+00 
 3.12996000e-06  1.80000000e+00 
 3.13096000e-06  1.80000000e+00 
 3.13196000e-06  1.80000000e+00 
 3.13296000e-06  1.80000000e+00 
 3.13396000e-06  1.80000000e+00 
 3.13496000e-06  1.80000000e+00 
 3.13596000e-06  1.80000000e+00 
 3.13696000e-06  1.80000000e+00 
 3.13796000e-06  1.80000000e+00 
 3.13896000e-06  1.80000000e+00 
 3.13996000e-06  1.80000000e+00 
 3.14096000e-06  1.80000000e+00 
 3.14196000e-06  1.80000000e+00 
 3.14296000e-06  1.80000000e+00 
 3.14396000e-06  1.80000000e+00 
 3.14496000e-06  1.80000000e+00 
 3.14596000e-06  1.80000000e+00 
 3.14696000e-06  1.80000000e+00 
 3.14796000e-06  1.80000000e+00 
 3.14896000e-06  1.80000000e+00 
 3.14996000e-06  1.80000000e+00 
 3.15096000e-06  1.80000000e+00 
 3.15196000e-06  1.80000000e+00 
 3.15296000e-06  1.80000000e+00 
 3.15396000e-06  1.80000000e+00 
 3.15496000e-06  1.80000000e+00 
 3.15596000e-06  1.80000000e+00 
 3.15696000e-06  1.80000000e+00 
 3.15796000e-06  1.80000000e+00 
 3.15896000e-06  1.80000000e+00 
 3.15996000e-06  1.80000000e+00 
 3.16096000e-06  1.80000000e+00 
 3.16196000e-06  1.80000000e+00 
 3.16296000e-06  1.80000000e+00 
 3.16396000e-06  1.80000000e+00 
 3.16496000e-06  1.80000000e+00 
 3.16596000e-06  1.80000000e+00 
 3.16696000e-06  1.80000000e+00 
 3.16796000e-06  1.80000000e+00 
 3.16896000e-06  1.80000000e+00 
 3.16996000e-06  1.80000000e+00 
 3.17096000e-06  1.80000000e+00 
 3.17196000e-06  1.80000000e+00 
 3.17296000e-06  1.80000000e+00 
 3.17396000e-06  1.80000000e+00 
 3.17496000e-06  1.80000000e+00 
 3.17596000e-06  1.80000000e+00 
 3.17696000e-06  1.80000000e+00 
 3.17796000e-06  1.80000000e+00 
 3.17896000e-06  1.80000000e+00 
 3.17996000e-06  1.80000000e+00 
 3.18096000e-06  1.80000000e+00 
 3.18196000e-06  1.80000000e+00 
 3.18296000e-06  1.80000000e+00 
 3.18396000e-06  1.80000000e+00 
 3.18496000e-06  1.80000000e+00 
 3.18596000e-06  1.80000000e+00 
 3.18696000e-06  1.80000000e+00 
 3.18796000e-06  1.80000000e+00 
 3.18896000e-06  1.80000000e+00 
 3.18996000e-06  1.80000000e+00 
 3.19096000e-06  1.80000000e+00 
 3.19196000e-06  1.80000000e+00 
 3.19296000e-06  1.80000000e+00 
 3.19396000e-06  1.80000000e+00 
 3.19496000e-06  1.80000000e+00 
 3.19596000e-06  1.80000000e+00 
 3.19696000e-06  1.80000000e+00 
 3.19796000e-06  1.80000000e+00 
 3.19896000e-06  1.80000000e+00 
 3.19996000e-06  1.80000000e+00 
 3.20096000e-06  1.80000000e+00 
 3.20196000e-06  1.80000000e+00 
 3.20296000e-06  1.80000000e+00 
 3.20396000e-06  1.80000000e+00 
 3.20496000e-06  1.80000000e+00 
 3.20596000e-06  1.80000000e+00 
 3.20696000e-06  1.80000000e+00 
 3.20796000e-06  1.80000000e+00 
 3.20896000e-06  1.80000000e+00 
 3.20996000e-06  1.80000000e+00 
 3.21096000e-06  1.80000000e+00 
 3.21196000e-06  1.80000000e+00 
 3.21296000e-06  1.80000000e+00 
 3.21396000e-06  1.80000000e+00 
 3.21496000e-06  1.80000000e+00 
 3.21596000e-06  1.80000000e+00 
 3.21696000e-06  1.80000000e+00 
 3.21796000e-06  1.80000000e+00 
 3.21896000e-06  1.80000000e+00 
 3.21996000e-06  1.80000000e+00 
 3.22096000e-06  1.80000000e+00 
 3.22196000e-06  1.80000000e+00 
 3.22296000e-06  1.80000000e+00 
 3.22396000e-06  1.80000000e+00 
 3.22496000e-06  1.80000000e+00 
 3.22596000e-06  1.80000000e+00 
 3.22696000e-06  1.80000000e+00 
 3.22796000e-06  1.80000000e+00 
 3.22896000e-06  1.80000000e+00 
 3.22996000e-06  1.80000000e+00 
 3.23096000e-06  1.80000000e+00 
 3.23196000e-06  1.80000000e+00 
 3.23296000e-06  1.80000000e+00 
 3.23396000e-06  1.80000000e+00 
 3.23496000e-06  1.80000000e+00 
 3.23596000e-06  1.80000000e+00 
 3.23696000e-06  1.80000000e+00 
 3.23796000e-06  1.80000000e+00 
 3.23896000e-06  1.80000000e+00 
 3.23996000e-06  1.80000000e+00 
 3.24096000e-06  1.80000000e+00 
 3.24196000e-06  1.80000000e+00 
 3.24296000e-06  1.80000000e+00 
 3.24396000e-06  1.80000000e+00 
 3.24496000e-06  1.80000000e+00 
 3.24596000e-06  1.80000000e+00 
 3.24696000e-06  1.80000000e+00 
 3.24796000e-06  1.80000000e+00 
 3.24896000e-06  1.80000000e+00 
 3.24996000e-06  1.80000000e+00 
 3.25096000e-06  1.80000000e+00 
 3.25196000e-06  1.80000000e+00 
 3.25296000e-06  1.80000000e+00 
 3.25396000e-06  1.80000000e+00 
 3.25496000e-06  1.80000000e+00 
 3.25596000e-06  1.80000000e+00 
 3.25696000e-06  1.80000000e+00 
 3.25796000e-06  1.80000000e+00 
 3.25896000e-06  1.80000000e+00 
 3.25996000e-06  1.80000000e+00 
 3.26096000e-06  1.80000000e+00 
 3.26196000e-06  1.80000000e+00 
 3.26296000e-06  1.80000000e+00 
 3.26396000e-06  1.80000000e+00 
 3.26496000e-06  1.80000000e+00 
 3.26596000e-06  1.80000000e+00 
 3.26696000e-06  1.80000000e+00 
 3.26796000e-06  1.80000000e+00 
 3.26896000e-06  1.80000000e+00 
 3.26996000e-06  1.80000000e+00 
 3.27096000e-06  1.80000000e+00 
 3.27196000e-06  1.80000000e+00 
 3.27296000e-06  1.80000000e+00 
 3.27396000e-06  1.80000000e+00 
 3.27496000e-06  1.80000000e+00 
 3.27596000e-06  1.80000000e+00 
 3.27696000e-06  1.80000000e+00 
 3.27796000e-06  1.80000000e+00 
 3.27896000e-06  1.80000000e+00 
 3.27996000e-06  1.80000000e+00 
 3.28096000e-06  1.80000000e+00 
 3.28196000e-06  1.80000000e+00 
 3.28296000e-06  1.80000000e+00 
 3.28396000e-06  1.80000000e+00 
 3.28496000e-06  1.80000000e+00 
 3.28596000e-06  1.80000000e+00 
 3.28696000e-06  1.80000000e+00 
 3.28796000e-06  1.80000000e+00 
 3.28896000e-06  1.80000000e+00 
 3.28996000e-06  1.80000000e+00 
 3.29096000e-06  1.80000000e+00 
 3.29196000e-06  1.80000000e+00 
 3.29296000e-06  1.80000000e+00 
 3.29396000e-06  1.80000000e+00 
 3.29496000e-06  1.80000000e+00 
 3.29596000e-06  1.80000000e+00 
 3.29696000e-06  1.80000000e+00 
 3.29796000e-06  1.80000000e+00 
 3.29896000e-06  1.80000000e+00 
 3.29996000e-06  1.80000000e+00 
 3.30096000e-06  1.80000000e+00 
 3.30196000e-06  1.80000000e+00 
 3.30296000e-06  1.80000000e+00 
 3.30396000e-06  1.80000000e+00 
 3.30496000e-06  1.80000000e+00 
 3.30596000e-06  1.80000000e+00 
 3.30696000e-06  1.80000000e+00 
 3.30796000e-06  1.80000000e+00 
 3.30896000e-06  1.80000000e+00 
 3.30996000e-06  1.80000000e+00 
 3.31096000e-06  1.80000000e+00 
 3.31196000e-06  1.80000000e+00 
 3.31296000e-06  1.80000000e+00 
 3.31396000e-06  1.80000000e+00 
 3.31496000e-06  1.80000000e+00 
 3.31596000e-06  1.80000000e+00 
 3.31696000e-06  1.80000000e+00 
 3.31796000e-06  1.80000000e+00 
 3.31896000e-06  1.80000000e+00 
 3.31996000e-06  1.80000000e+00 
 3.32096000e-06  1.80000000e+00 
 3.32196000e-06  1.80000000e+00 
 3.32296000e-06  1.80000000e+00 
 3.32396000e-06  1.80000000e+00 
 3.32496000e-06  1.80000000e+00 
 3.32596000e-06  1.80000000e+00 
 3.32696000e-06  1.80000000e+00 
 3.32796000e-06  1.80000000e+00 
 3.32896000e-06  1.80000000e+00 
 3.32996000e-06  1.80000000e+00 
 3.33096000e-06  1.80000000e+00 
 3.33196000e-06  1.80000000e+00 
 3.33296000e-06  1.80000000e+00 
 3.33396000e-06  1.80000000e+00 
 3.33496000e-06  1.80000000e+00 
 3.33596000e-06  1.80000000e+00 
 3.33696000e-06  1.80000000e+00 
 3.33796000e-06  1.80000000e+00 
 3.33896000e-06  1.80000000e+00 
 3.33996000e-06  1.80000000e+00 
 3.34096000e-06  1.80000000e+00 
 3.34196000e-06  1.80000000e+00 
 3.34296000e-06  1.80000000e+00 
 3.34396000e-06  1.80000000e+00 
 3.34496000e-06  1.80000000e+00 
 3.34596000e-06  1.80000000e+00 
 3.34696000e-06  1.80000000e+00 
 3.34796000e-06  1.80000000e+00 
 3.34896000e-06  1.80000000e+00 
 3.34996000e-06  1.80000000e+00 
 3.35096000e-06  1.80000000e+00 
 3.35196000e-06  1.80000000e+00 
 3.35296000e-06  1.80000000e+00 
 3.35396000e-06  1.80000000e+00 
 3.35496000e-06  1.80000000e+00 
 3.35596000e-06  1.80000000e+00 
 3.35696000e-06  1.80000000e+00 
 3.35796000e-06  1.80000000e+00 
 3.35896000e-06  1.80000000e+00 
 3.35996000e-06  1.80000000e+00 
 3.36096000e-06  1.80000000e+00 
 3.36196000e-06  1.80000000e+00 
 3.36296000e-06  1.80000000e+00 
 3.36396000e-06  1.80000000e+00 
 3.36496000e-06  1.80000000e+00 
 3.36596000e-06  1.80000000e+00 
 3.36696000e-06  1.80000000e+00 
 3.36796000e-06  1.80000000e+00 
 3.36896000e-06  1.80000000e+00 
 3.36996000e-06  1.80000000e+00 
 3.37096000e-06  1.80000000e+00 
 3.37196000e-06  1.80000000e+00 
 3.37296000e-06  1.80000000e+00 
 3.37396000e-06  1.80000000e+00 
 3.37496000e-06  1.80000000e+00 
 3.37596000e-06  1.80000000e+00 
 3.37600000e-06  1.80000000e+00 
 3.37608000e-06  1.80000000e+00 
 3.37624000e-06  1.80000000e+00 
 3.37656000e-06  1.80000000e+00 
 3.37700000e-06  1.80000000e+00 
 3.37706400e-06  1.80000000e+00 
 3.37719200e-06  1.80000000e+00 
 3.37744800e-06  1.80000000e+00 
 3.37796000e-06  1.80000000e+00 
 3.37896000e-06  1.80000000e+00 
 3.37996000e-06  1.80000000e+00 
 3.38096000e-06  1.80000000e+00 
 3.38196000e-06  1.80000000e+00 
 3.38296000e-06  1.80000000e+00 
 3.38396000e-06  1.80000000e+00 
 3.38496000e-06  1.80000000e+00 
 3.38596000e-06  1.80000000e+00 
 3.38696000e-06  1.80000000e+00 
 3.38796000e-06  1.80000000e+00 
 3.38896000e-06  1.80000000e+00 
 3.38996000e-06  1.80000000e+00 
 3.39096000e-06  1.80000000e+00 
 3.39196000e-06  1.80000000e+00 
 3.39296000e-06  1.80000000e+00 
 3.39396000e-06  1.80000000e+00 
 3.39496000e-06  1.80000000e+00 
 3.39596000e-06  1.80000000e+00 
 3.39696000e-06  1.80000000e+00 
 3.39796000e-06  1.80000000e+00 
 3.39896000e-06  1.80000000e+00 
 3.39996000e-06  1.80000000e+00 
 3.40096000e-06  1.80000000e+00 
 3.40196000e-06  1.80000000e+00 
 3.40296000e-06  1.80000000e+00 
 3.40396000e-06  1.80000000e+00 
 3.40496000e-06  1.80000000e+00 
 3.40596000e-06  1.80000000e+00 
 3.40696000e-06  1.80000000e+00 
 3.40796000e-06  1.80000000e+00 
 3.40896000e-06  1.80000000e+00 
 3.40996000e-06  1.80000000e+00 
 3.41096000e-06  1.80000000e+00 
 3.41196000e-06  1.80000000e+00 
 3.41296000e-06  1.80000000e+00 
 3.41396000e-06  1.80000000e+00 
 3.41496000e-06  1.80000000e+00 
 3.41596000e-06  1.80000000e+00 
 3.41696000e-06  1.80000000e+00 
 3.41796000e-06  1.80000000e+00 
 3.41896000e-06  1.80000000e+00 
 3.41996000e-06  1.80000000e+00 
 3.42096000e-06  1.80000000e+00 
 3.42196000e-06  1.80000000e+00 
 3.42296000e-06  1.80000000e+00 
 3.42396000e-06  1.80000000e+00 
 3.42496000e-06  1.80000000e+00 
 3.42596000e-06  1.80000000e+00 
 3.42696000e-06  1.80000000e+00 
 3.42796000e-06  1.80000000e+00 
 3.42896000e-06  1.80000000e+00 
 3.42996000e-06  1.80000000e+00 
 3.43096000e-06  1.80000000e+00 
 3.43196000e-06  1.80000000e+00 
 3.43296000e-06  1.80000000e+00 
 3.43396000e-06  1.80000000e+00 
 3.43496000e-06  1.80000000e+00 
 3.43596000e-06  1.80000000e+00 
 3.43696000e-06  1.80000000e+00 
 3.43796000e-06  1.80000000e+00 
 3.43896000e-06  1.80000000e+00 
 3.43996000e-06  1.80000000e+00 
 3.44096000e-06  1.80000000e+00 
 3.44196000e-06  1.80000000e+00 
 3.44296000e-06  1.80000000e+00 
 3.44396000e-06  1.80000000e+00 
 3.44496000e-06  1.80000000e+00 
 3.44596000e-06  1.80000000e+00 
 3.44696000e-06  1.80000000e+00 
 3.44796000e-06  1.80000000e+00 
 3.44896000e-06  1.80000000e+00 
 3.44996000e-06  1.80000000e+00 
 3.45096000e-06  1.80000000e+00 
 3.45196000e-06  1.80000000e+00 
 3.45296000e-06  1.80000000e+00 
 3.45396000e-06  1.80000000e+00 
 3.45496000e-06  1.80000000e+00 
 3.45596000e-06  1.80000000e+00 
 3.45696000e-06  1.80000000e+00 
 3.45796000e-06  1.80000000e+00 
 3.45896000e-06  1.80000000e+00 
 3.45996000e-06  1.80000000e+00 
 3.46096000e-06  1.80000000e+00 
 3.46196000e-06  1.80000000e+00 
 3.46296000e-06  1.80000000e+00 
 3.46396000e-06  1.80000000e+00 
 3.46496000e-06  1.80000000e+00 
 3.46596000e-06  1.80000000e+00 
 3.46696000e-06  1.80000000e+00 
 3.46796000e-06  1.80000000e+00 
 3.46896000e-06  1.80000000e+00 
 3.46996000e-06  1.80000000e+00 
 3.47096000e-06  1.80000000e+00 
 3.47196000e-06  1.80000000e+00 
 3.47296000e-06  1.80000000e+00 
 3.47396000e-06  1.80000000e+00 
 3.47496000e-06  1.80000000e+00 
 3.47596000e-06  1.80000000e+00 
 3.47696000e-06  1.80000000e+00 
 3.47796000e-06  1.80000000e+00 
 3.47896000e-06  1.80000000e+00 
 3.47996000e-06  1.80000000e+00 
 3.48096000e-06  1.80000000e+00 
 3.48196000e-06  1.80000000e+00 
 3.48296000e-06  1.80000000e+00 
 3.48396000e-06  1.80000000e+00 
 3.48496000e-06  1.80000000e+00 
 3.48596000e-06  1.80000000e+00 
 3.48696000e-06  1.80000000e+00 
 3.48796000e-06  1.80000000e+00 
 3.48896000e-06  1.80000000e+00 
 3.48996000e-06  1.80000000e+00 
 3.49096000e-06  1.80000000e+00 
 3.49100000e-06  1.80000000e+00 
 3.49108000e-06  1.80000000e+00 
 3.49124000e-06  1.80000000e+00 
 3.49156000e-06  1.80000000e+00 
 3.49200000e-06  1.80000000e+00 
 3.49206400e-06  1.80000000e+00 
 3.49219200e-06  1.80000000e+00 
 3.49244800e-06  1.80000000e+00 
 3.49296000e-06  1.80000000e+00 
 3.49396000e-06  1.80000000e+00 
 3.49496000e-06  1.80000000e+00 
 3.49596000e-06  1.80000000e+00 
 3.49696000e-06  1.80000000e+00 
 3.49796000e-06  1.80000000e+00 
 3.49896000e-06  1.80000000e+00 
 3.49996000e-06  1.80000000e+00 
 3.50096000e-06  1.80000000e+00 
 3.50196000e-06  1.80000000e+00 
 3.50296000e-06  1.80000000e+00 
 3.50396000e-06  1.80000000e+00 
 3.50496000e-06  1.80000000e+00 
 3.50596000e-06  1.80000000e+00 
 3.50696000e-06  1.80000000e+00 
 3.50796000e-06  1.80000000e+00 
 3.50896000e-06  1.80000000e+00 
 3.50996000e-06  1.80000000e+00 
 3.51000000e-06  1.80000000e+00 
 3.51008000e-06  1.80000000e+00 
 3.51024000e-06  1.80000000e+00 
 3.51056000e-06  1.80000000e+00 
 3.51100000e-06  1.80000000e+00 
 3.51106400e-06  1.80000000e+00 
 3.51119200e-06  1.80000000e+00 
 3.51144800e-06  1.80000000e+00 
 3.51196000e-06  1.80000000e+00 
 3.51215000e-06  1.80000000e+00 
 3.51225000e-06  3.67646061e-12 
 3.51245000e-06  0.00000000e+00 
 3.51285000e-06  0.00000000e+00 
 3.51365000e-06  0.00000000e+00 
 3.51465000e-06  0.00000000e+00 
 3.51565000e-06  0.00000000e+00 
 3.51665000e-06  0.00000000e+00 
 3.51765000e-06  0.00000000e+00 
 3.51865000e-06  0.00000000e+00 
 3.51965000e-06  0.00000000e+00 
 3.52065000e-06  0.00000000e+00 
 3.52165000e-06  0.00000000e+00 
 3.52265000e-06  0.00000000e+00 
 3.52365000e-06  0.00000000e+00 
 3.52465000e-06  0.00000000e+00 
 3.52565000e-06  0.00000000e+00 
 3.52665000e-06  0.00000000e+00 
 3.52765000e-06  0.00000000e+00 
 3.52865000e-06  0.00000000e+00 
 3.52965000e-06  0.00000000e+00 
 3.53065000e-06  0.00000000e+00 
 3.53165000e-06  0.00000000e+00 
 3.53265000e-06  0.00000000e+00 
 3.53365000e-06  0.00000000e+00 
 3.53465000e-06  0.00000000e+00 
 3.53565000e-06  0.00000000e+00 
 3.53665000e-06  0.00000000e+00 
 3.53765000e-06  0.00000000e+00 
 3.53865000e-06  0.00000000e+00 
 3.53965000e-06  0.00000000e+00 
 3.54065000e-06  0.00000000e+00 
 3.54165000e-06  0.00000000e+00 
 3.54265000e-06  0.00000000e+00 
 3.54365000e-06  0.00000000e+00 
 3.54465000e-06  0.00000000e+00 
 3.54565000e-06  0.00000000e+00 
 3.54665000e-06  0.00000000e+00 
 3.54765000e-06  0.00000000e+00 
 3.54865000e-06  0.00000000e+00 
 3.54965000e-06  0.00000000e+00 
 3.55065000e-06  0.00000000e+00 
 3.55165000e-06  0.00000000e+00 
 3.55265000e-06  0.00000000e+00 
 3.55365000e-06  0.00000000e+00 
 3.55465000e-06  0.00000000e+00 
 3.55565000e-06  0.00000000e+00 
 3.55665000e-06  0.00000000e+00 
 3.55765000e-06  0.00000000e+00 
 3.55865000e-06  0.00000000e+00 
 3.55965000e-06  0.00000000e+00 
 3.56065000e-06  0.00000000e+00 
 3.56165000e-06  0.00000000e+00 
 3.56265000e-06  0.00000000e+00 
 3.56365000e-06  0.00000000e+00 
 3.56465000e-06  0.00000000e+00 
 3.56565000e-06  0.00000000e+00 
 3.56665000e-06  0.00000000e+00 
 3.56765000e-06  0.00000000e+00 
 3.56865000e-06  0.00000000e+00 
 3.56965000e-06  0.00000000e+00 
 3.57065000e-06  0.00000000e+00 
 3.57165000e-06  0.00000000e+00 
 3.57265000e-06  0.00000000e+00 
 3.57365000e-06  0.00000000e+00 
 3.57465000e-06  0.00000000e+00 
 3.57565000e-06  0.00000000e+00 
 3.57665000e-06  0.00000000e+00 
 3.57765000e-06  0.00000000e+00 
 3.57865000e-06  0.00000000e+00 
 3.57965000e-06  0.00000000e+00 
 3.58065000e-06  0.00000000e+00 
 3.58165000e-06  0.00000000e+00 
 3.58265000e-06  0.00000000e+00 
 3.58365000e-06  0.00000000e+00 
 3.58465000e-06  0.00000000e+00 
 3.58565000e-06  0.00000000e+00 
 3.58665000e-06  0.00000000e+00 
 3.58765000e-06  0.00000000e+00 
 3.58865000e-06  0.00000000e+00 
 3.58965000e-06  0.00000000e+00 
 3.59065000e-06  0.00000000e+00 
 3.59165000e-06  0.00000000e+00 
 3.59265000e-06  0.00000000e+00 
 3.59365000e-06  0.00000000e+00 
 3.59465000e-06  0.00000000e+00 
 3.59565000e-06  0.00000000e+00 
 3.59665000e-06  0.00000000e+00 
 3.59765000e-06  0.00000000e+00 
 3.59865000e-06  0.00000000e+00 
 3.59965000e-06  0.00000000e+00 
 3.60065000e-06  0.00000000e+00 
 3.60165000e-06  0.00000000e+00 
 3.60265000e-06  0.00000000e+00 
 3.60365000e-06  0.00000000e+00 
 3.60465000e-06  0.00000000e+00 
 3.60565000e-06  0.00000000e+00 
 3.60665000e-06  0.00000000e+00 
 3.60765000e-06  0.00000000e+00 
 3.60865000e-06  0.00000000e+00 
 3.60965000e-06  0.00000000e+00 
 3.61065000e-06  0.00000000e+00 
 3.61165000e-06  0.00000000e+00 
 3.61265000e-06  0.00000000e+00 
 3.61365000e-06  0.00000000e+00 
 3.61465000e-06  0.00000000e+00 
 3.61565000e-06  0.00000000e+00 
 3.61665000e-06  0.00000000e+00 
 3.61765000e-06  0.00000000e+00 
 3.61865000e-06  0.00000000e+00 
 3.61965000e-06  0.00000000e+00 
 3.62065000e-06  0.00000000e+00 
 3.62165000e-06  0.00000000e+00 
 3.62265000e-06  0.00000000e+00 
 3.62365000e-06  0.00000000e+00 
 3.62465000e-06  0.00000000e+00 
 3.62565000e-06  0.00000000e+00 
 3.62665000e-06  0.00000000e+00 
 3.62765000e-06  0.00000000e+00 
 3.62865000e-06  0.00000000e+00 
 3.62965000e-06  0.00000000e+00 
 3.63065000e-06  0.00000000e+00 
 3.63165000e-06  0.00000000e+00 
 3.63265000e-06  0.00000000e+00 
 3.63365000e-06  0.00000000e+00 
 3.63465000e-06  0.00000000e+00 
 3.63565000e-06  0.00000000e+00 
 3.63665000e-06  0.00000000e+00 
 3.63765000e-06  0.00000000e+00 
 3.63865000e-06  0.00000000e+00 
 3.63965000e-06  0.00000000e+00 
 3.64065000e-06  0.00000000e+00 
 3.64165000e-06  0.00000000e+00 
 3.64265000e-06  0.00000000e+00 
 3.64365000e-06  0.00000000e+00 
 3.64465000e-06  0.00000000e+00 
 3.64565000e-06  0.00000000e+00 
 3.64665000e-06  0.00000000e+00 
 3.64765000e-06  0.00000000e+00 
 3.64865000e-06  0.00000000e+00 
 3.64965000e-06  0.00000000e+00 
 3.65065000e-06  0.00000000e+00 
 3.65165000e-06  0.00000000e+00 
 3.65265000e-06  0.00000000e+00 
 3.65365000e-06  0.00000000e+00 
 3.65465000e-06  0.00000000e+00 
 3.65565000e-06  0.00000000e+00 
 3.65665000e-06  0.00000000e+00 
 3.65765000e-06  0.00000000e+00 
 3.65865000e-06  0.00000000e+00 
 3.65965000e-06  0.00000000e+00 
 3.66065000e-06  0.00000000e+00 
 3.66165000e-06  0.00000000e+00 
 3.66265000e-06  0.00000000e+00 
 3.66365000e-06  0.00000000e+00 
 3.66465000e-06  0.00000000e+00 
 3.66565000e-06  0.00000000e+00 
 3.66665000e-06  0.00000000e+00 
 3.66765000e-06  0.00000000e+00 
 3.66865000e-06  0.00000000e+00 
 3.66965000e-06  0.00000000e+00 
 3.67065000e-06  0.00000000e+00 
 3.67165000e-06  0.00000000e+00 
 3.67265000e-06  0.00000000e+00 
 3.67365000e-06  0.00000000e+00 
 3.67465000e-06  0.00000000e+00 
 3.67565000e-06  0.00000000e+00 
 3.67665000e-06  0.00000000e+00 
 3.67765000e-06  0.00000000e+00 
 3.67865000e-06  0.00000000e+00 
 3.67965000e-06  0.00000000e+00 
 3.68065000e-06  0.00000000e+00 
 3.68165000e-06  0.00000000e+00 
 3.68265000e-06  0.00000000e+00 
 3.68365000e-06  0.00000000e+00 
 3.68465000e-06  0.00000000e+00 
 3.68565000e-06  0.00000000e+00 
 3.68665000e-06  0.00000000e+00 
 3.68765000e-06  0.00000000e+00 
 3.68865000e-06  0.00000000e+00 
 3.68965000e-06  0.00000000e+00 
 3.69065000e-06  0.00000000e+00 
 3.69165000e-06  0.00000000e+00 
 3.69265000e-06  0.00000000e+00 
 3.69365000e-06  0.00000000e+00 
 3.69465000e-06  0.00000000e+00 
 3.69565000e-06  0.00000000e+00 
 3.69665000e-06  0.00000000e+00 
 3.69765000e-06  0.00000000e+00 
 3.69865000e-06  0.00000000e+00 
 3.69965000e-06  0.00000000e+00 
 3.70065000e-06  0.00000000e+00 
 3.70165000e-06  0.00000000e+00 
 3.70265000e-06  0.00000000e+00 
 3.70365000e-06  0.00000000e+00 
 3.70465000e-06  0.00000000e+00 
 3.70565000e-06  0.00000000e+00 
 3.70665000e-06  0.00000000e+00 
 3.70765000e-06  0.00000000e+00 
 3.70865000e-06  0.00000000e+00 
 3.70965000e-06  0.00000000e+00 
 3.71065000e-06  0.00000000e+00 
 3.71165000e-06  0.00000000e+00 
 3.71265000e-06  0.00000000e+00 
 3.71365000e-06  0.00000000e+00 
 3.71465000e-06  0.00000000e+00 
 3.71565000e-06  0.00000000e+00 
 3.71665000e-06  0.00000000e+00 
 3.71765000e-06  0.00000000e+00 
 3.71865000e-06  0.00000000e+00 
 3.71965000e-06  0.00000000e+00 
 3.72065000e-06  0.00000000e+00 
 3.72165000e-06  0.00000000e+00 
 3.72265000e-06  0.00000000e+00 
 3.72365000e-06  0.00000000e+00 
 3.72465000e-06  0.00000000e+00 
 3.72565000e-06  0.00000000e+00 
 3.72665000e-06  0.00000000e+00 
 3.72765000e-06  0.00000000e+00 
 3.72865000e-06  0.00000000e+00 
 3.72965000e-06  0.00000000e+00 
 3.73065000e-06  0.00000000e+00 
 3.73165000e-06  0.00000000e+00 
 3.73265000e-06  0.00000000e+00 
 3.73365000e-06  0.00000000e+00 
 3.73465000e-06  0.00000000e+00 
 3.73565000e-06  0.00000000e+00 
 3.73665000e-06  0.00000000e+00 
 3.73765000e-06  0.00000000e+00 
 3.73865000e-06  0.00000000e+00 
 3.73965000e-06  0.00000000e+00 
 3.74065000e-06  0.00000000e+00 
 3.74165000e-06  0.00000000e+00 
 3.74265000e-06  0.00000000e+00 
 3.74365000e-06  0.00000000e+00 
 3.74465000e-06  0.00000000e+00 
 3.74565000e-06  0.00000000e+00 
 3.74665000e-06  0.00000000e+00 
 3.74765000e-06  0.00000000e+00 
 3.74865000e-06  0.00000000e+00 
 3.74965000e-06  0.00000000e+00 
 3.75000000e-06  0.00000000e+00 
 3.75010000e-06  0.00000000e+00 
 3.75030000e-06  0.00000000e+00 
 3.75070000e-06  0.00000000e+00 
 3.75100000e-06  0.00000000e+00 
 3.75108000e-06  0.00000000e+00 
 3.75124000e-06  0.00000000e+00 
 3.75156000e-06  0.00000000e+00 
 3.75220000e-06  0.00000000e+00 
 3.75320000e-06  0.00000000e+00 
 3.75420000e-06  0.00000000e+00 
 3.75520000e-06  0.00000000e+00 
 3.75620000e-06  0.00000000e+00 
 3.75720000e-06  0.00000000e+00 
 3.75820000e-06  0.00000000e+00 
 3.75920000e-06  0.00000000e+00 
 3.76020000e-06  0.00000000e+00 
 3.76120000e-06  0.00000000e+00 
 3.76220000e-06  0.00000000e+00 
 3.76320000e-06  0.00000000e+00 
 3.76420000e-06  0.00000000e+00 
 3.76520000e-06  0.00000000e+00 
 3.76620000e-06  0.00000000e+00 
 3.76720000e-06  0.00000000e+00 
 3.76820000e-06  0.00000000e+00 
 3.76920000e-06  0.00000000e+00 
 3.77020000e-06  0.00000000e+00 
 3.77120000e-06  0.00000000e+00 
 3.77220000e-06  0.00000000e+00 
 3.77320000e-06  0.00000000e+00 
 3.77420000e-06  0.00000000e+00 
 3.77520000e-06  0.00000000e+00 
 3.77620000e-06  0.00000000e+00 
 3.77720000e-06  0.00000000e+00 
 3.77820000e-06  0.00000000e+00 
 3.77920000e-06  0.00000000e+00 
 3.78020000e-06  0.00000000e+00 
 3.78120000e-06  0.00000000e+00 
 3.78220000e-06  0.00000000e+00 
 3.78320000e-06  0.00000000e+00 
 3.78420000e-06  0.00000000e+00 
 3.78520000e-06  0.00000000e+00 
 3.78620000e-06  0.00000000e+00 
 3.78720000e-06  0.00000000e+00 
 3.78820000e-06  0.00000000e+00 
 3.78920000e-06  0.00000000e+00 
 3.79020000e-06  0.00000000e+00 
 3.79120000e-06  0.00000000e+00 
 3.79220000e-06  0.00000000e+00 
 3.79320000e-06  0.00000000e+00 
 3.79420000e-06  0.00000000e+00 
 3.79520000e-06  0.00000000e+00 
 3.79620000e-06  0.00000000e+00 
 3.79720000e-06  0.00000000e+00 
 3.79820000e-06  0.00000000e+00 
 3.79920000e-06  0.00000000e+00 
 3.80020000e-06  0.00000000e+00 
 3.80120000e-06  0.00000000e+00 
 3.80220000e-06  0.00000000e+00 
 3.80320000e-06  0.00000000e+00 
 3.80420000e-06  0.00000000e+00 
 3.80520000e-06  0.00000000e+00 
 3.80620000e-06  0.00000000e+00 
 3.80720000e-06  0.00000000e+00 
 3.80820000e-06  0.00000000e+00 
 3.80920000e-06  0.00000000e+00 
 3.81020000e-06  0.00000000e+00 
 3.81120000e-06  0.00000000e+00 
 3.81220000e-06  0.00000000e+00 
 3.81320000e-06  0.00000000e+00 
 3.81420000e-06  0.00000000e+00 
 3.81520000e-06  0.00000000e+00 
 3.81620000e-06  0.00000000e+00 
 3.81720000e-06  0.00000000e+00 
 3.81820000e-06  0.00000000e+00 
 3.81920000e-06  0.00000000e+00 
 3.82020000e-06  0.00000000e+00 
 3.82120000e-06  0.00000000e+00 
 3.82220000e-06  0.00000000e+00 
 3.82320000e-06  0.00000000e+00 
 3.82420000e-06  0.00000000e+00 
 3.82520000e-06  0.00000000e+00 
 3.82620000e-06  0.00000000e+00 
 3.82720000e-06  0.00000000e+00 
 3.82820000e-06  0.00000000e+00 
 3.82920000e-06  0.00000000e+00 
 3.83020000e-06  0.00000000e+00 
 3.83120000e-06  0.00000000e+00 
 3.83220000e-06  0.00000000e+00 
 3.83320000e-06  0.00000000e+00 
 3.83420000e-06  0.00000000e+00 
 3.83520000e-06  0.00000000e+00 
 3.83620000e-06  0.00000000e+00 
 3.83720000e-06  0.00000000e+00 
 3.83820000e-06  0.00000000e+00 
 3.83920000e-06  0.00000000e+00 
 3.84020000e-06  0.00000000e+00 
 3.84120000e-06  0.00000000e+00 
 3.84220000e-06  0.00000000e+00 
 3.84320000e-06  0.00000000e+00 
 3.84420000e-06  0.00000000e+00 
 3.84520000e-06  0.00000000e+00 
 3.84620000e-06  0.00000000e+00 
 3.84720000e-06  0.00000000e+00 
 3.84820000e-06  0.00000000e+00 
 3.84920000e-06  0.00000000e+00 
 3.85020000e-06  0.00000000e+00 
 3.85120000e-06  0.00000000e+00 
 3.85220000e-06  0.00000000e+00 
 3.85320000e-06  0.00000000e+00 
 3.85420000e-06  0.00000000e+00 
 3.85520000e-06  0.00000000e+00 
 3.85620000e-06  0.00000000e+00 
 3.85720000e-06  0.00000000e+00 
 3.85820000e-06  0.00000000e+00 
 3.85920000e-06  0.00000000e+00 
 3.86020000e-06  0.00000000e+00 
 3.86120000e-06  0.00000000e+00 
 3.86220000e-06  0.00000000e+00 
 3.86320000e-06  0.00000000e+00 
 3.86420000e-06  0.00000000e+00 
 3.86520000e-06  0.00000000e+00 
 3.86620000e-06  0.00000000e+00 
 3.86720000e-06  0.00000000e+00 
 3.86820000e-06  0.00000000e+00 
 3.86920000e-06  0.00000000e+00 
 3.87020000e-06  0.00000000e+00 
 3.87120000e-06  0.00000000e+00 
 3.87220000e-06  0.00000000e+00 
 3.87320000e-06  0.00000000e+00 
 3.87420000e-06  0.00000000e+00 
 3.87520000e-06  0.00000000e+00 
 3.87620000e-06  0.00000000e+00 
 3.87720000e-06  0.00000000e+00 
 3.87820000e-06  0.00000000e+00 
 3.87920000e-06  0.00000000e+00 
 3.88020000e-06  0.00000000e+00 
 3.88120000e-06  0.00000000e+00 
 3.88220000e-06  0.00000000e+00 
 3.88320000e-06  0.00000000e+00 
 3.88420000e-06  0.00000000e+00 
 3.88520000e-06  0.00000000e+00 
 3.88620000e-06  0.00000000e+00 
 3.88720000e-06  0.00000000e+00 
 3.88820000e-06  0.00000000e+00 
 3.88920000e-06  0.00000000e+00 
 3.89020000e-06  0.00000000e+00 
 3.89120000e-06  0.00000000e+00 
 3.89220000e-06  0.00000000e+00 
 3.89320000e-06  0.00000000e+00 
 3.89420000e-06  0.00000000e+00 
 3.89520000e-06  0.00000000e+00 
 3.89620000e-06  0.00000000e+00 
 3.89720000e-06  0.00000000e+00 
 3.89820000e-06  0.00000000e+00 
 3.89920000e-06  0.00000000e+00 
 3.90020000e-06  0.00000000e+00 
 3.90120000e-06  0.00000000e+00 
 3.90220000e-06  0.00000000e+00 
 3.90320000e-06  0.00000000e+00 
 3.90420000e-06  0.00000000e+00 
 3.90520000e-06  0.00000000e+00 
 3.90620000e-06  0.00000000e+00 
 3.90720000e-06  0.00000000e+00 
 3.90820000e-06  0.00000000e+00 
 3.90920000e-06  0.00000000e+00 
 3.91020000e-06  0.00000000e+00 
 3.91120000e-06  0.00000000e+00 
 3.91220000e-06  0.00000000e+00 
 3.91320000e-06  0.00000000e+00 
 3.91420000e-06  0.00000000e+00 
 3.91520000e-06  0.00000000e+00 
 3.91620000e-06  0.00000000e+00 
 3.91720000e-06  0.00000000e+00 
 3.91820000e-06  0.00000000e+00 
 3.91920000e-06  0.00000000e+00 
 3.92020000e-06  0.00000000e+00 
 3.92120000e-06  0.00000000e+00 
 3.92220000e-06  0.00000000e+00 
 3.92320000e-06  0.00000000e+00 
 3.92420000e-06  0.00000000e+00 
 3.92520000e-06  0.00000000e+00 
 3.92620000e-06  0.00000000e+00 
 3.92720000e-06  0.00000000e+00 
 3.92820000e-06  0.00000000e+00 
 3.92920000e-06  0.00000000e+00 
 3.93020000e-06  0.00000000e+00 
 3.93120000e-06  0.00000000e+00 
 3.93220000e-06  0.00000000e+00 
 3.93320000e-06  0.00000000e+00 
 3.93420000e-06  0.00000000e+00 
 3.93520000e-06  0.00000000e+00 
 3.93620000e-06  0.00000000e+00 
 3.93720000e-06  0.00000000e+00 
 3.93820000e-06  0.00000000e+00 
 3.93920000e-06  0.00000000e+00 
 3.94020000e-06  0.00000000e+00 
 3.94120000e-06  0.00000000e+00 
 3.94220000e-06  0.00000000e+00 
 3.94320000e-06  0.00000000e+00 
 3.94420000e-06  0.00000000e+00 
 3.94520000e-06  0.00000000e+00 
 3.94620000e-06  0.00000000e+00 
 3.94720000e-06  0.00000000e+00 
 3.94820000e-06  0.00000000e+00 
 3.94920000e-06  0.00000000e+00 
 3.95020000e-06  0.00000000e+00 
 3.95120000e-06  0.00000000e+00 
 3.95220000e-06  0.00000000e+00 
 3.95320000e-06  0.00000000e+00 
 3.95420000e-06  0.00000000e+00 
 3.95520000e-06  0.00000000e+00 
 3.95620000e-06  0.00000000e+00 
 3.95720000e-06  0.00000000e+00 
 3.95820000e-06  0.00000000e+00 
 3.95920000e-06  0.00000000e+00 
 3.96020000e-06  0.00000000e+00 
 3.96120000e-06  0.00000000e+00 
 3.96220000e-06  0.00000000e+00 
 3.96320000e-06  0.00000000e+00 
 3.96420000e-06  0.00000000e+00 
 3.96520000e-06  0.00000000e+00 
 3.96620000e-06  0.00000000e+00 
 3.96720000e-06  0.00000000e+00 
 3.96820000e-06  0.00000000e+00 
 3.96920000e-06  0.00000000e+00 
 3.97020000e-06  0.00000000e+00 
 3.97120000e-06  0.00000000e+00 
 3.97220000e-06  0.00000000e+00 
 3.97320000e-06  0.00000000e+00 
 3.97420000e-06  0.00000000e+00 
 3.97520000e-06  0.00000000e+00 
 3.97620000e-06  0.00000000e+00 
 3.97720000e-06  0.00000000e+00 
 3.97820000e-06  0.00000000e+00 
 3.97920000e-06  0.00000000e+00 
 3.98020000e-06  0.00000000e+00 
 3.98120000e-06  0.00000000e+00 
 3.98220000e-06  0.00000000e+00 
 3.98320000e-06  0.00000000e+00 
 3.98420000e-06  0.00000000e+00 
 3.98520000e-06  0.00000000e+00 
 3.98620000e-06  0.00000000e+00 
 3.98720000e-06  0.00000000e+00 
 3.98820000e-06  0.00000000e+00 
 3.98920000e-06  0.00000000e+00 
 3.99020000e-06  0.00000000e+00 
 3.99120000e-06  0.00000000e+00 
 3.99220000e-06  0.00000000e+00 
 3.99320000e-06  0.00000000e+00 
 3.99420000e-06  0.00000000e+00 
 3.99520000e-06  0.00000000e+00 
 3.99620000e-06  0.00000000e+00 
 3.99720000e-06  0.00000000e+00 
 3.99820000e-06  0.00000000e+00 
 3.99920000e-06  0.00000000e+00 
 4.00000000e-06  0.00000000e+00 
